first_name,last_name,amount,payment_date
Jon,Stephens,4.99,"2005-08-01 08:51:04"
Jon,Stephens,3.99,"2005-08-02 15:36:52"
Mike,Hillyer,0.99,"2005-08-02 18:01:38"
Jon,Stephens,4.99,"2005-08-17 12:37:54"
Mike,Hillyer,0.99,"2005-08-18 03:57:29"
Jon,Stephens,0.99,"2005-08-19 09:55:16"
Jon,Stephens,2.99,"2005-08-19 13:56:54"
Mike,Hillyer,0.99,"2005-08-21 23:33:57"
Mike,Hillyer,1.99,"2005-08-22 01:27:57"
Jon,Stephens,2.99,"2005-08-22 19:41:37"
Mike,Hillyer,5.99,"2005-08-22 20:03:46"
Mike,Hillyer,0.99,"2005-08-01 09:45:26"
Mike,Hillyer,0.99,"2005-08-02 02:10:56"
Mike,Hillyer,5.99,"2005-08-02 07:41:41"
Mike,Hillyer,6.99,"2005-08-02 10:43:48"
Jon,Stephens,2.99,"2005-08-02 13:44:53"
Mike,Hillyer,2.99,"2005-08-17 03:52:18"
Mike,Hillyer,2.99,"2005-08-19 06:26:04"
Mike,Hillyer,4.99,"2005-08-21 13:24:32"
Jon,Stephens,5.99,"2005-08-21 22:41:56"
Jon,Stephens,4.99,"2005-08-22 13:53:04"
Jon,Stephens,4.99,"2005-08-23 17:39:35"
Jon,Stephens,5.99,"2005-08-01 14:19:48"
Jon,Stephens,4.99,"2005-08-18 14:49:55"
Mike,Hillyer,8.99,"2005-08-19 22:18:07"
Jon,Stephens,2.99,"2005-08-20 06:14:12"
Jon,Stephens,8.99,"2005-08-21 20:50:48"
Jon,Stephens,0.99,"2005-08-22 09:37:27"
Mike,Hillyer,2.99,"2005-08-23 07:10:14"
Jon,Stephens,0.99,"2005-08-02 07:09:34"
Mike,Hillyer,2.99,"2005-08-02 08:20:31"
Jon,Stephens,4.99,"2005-08-17 00:28:01"
Mike,Hillyer,2.99,"2005-08-18 00:14:03"
Jon,Stephens,8.99,"2005-08-18 05:14:44"
Jon,Stephens,1.99,"2005-08-19 02:19:13"
Mike,Hillyer,2.99,"2005-08-20 09:32:04"
Mike,Hillyer,6.99,"2005-08-20 12:55:40"
Jon,Stephens,4.99,"2005-08-21 04:53:37"
Mike,Hillyer,2.99,"2005-08-22 13:58:23"
Jon,Stephens,1.99,"2005-08-23 07:43:00"
Jon,Stephens,4.99,"2005-08-01 14:48:45"
Mike,Hillyer,0.99,"2005-08-01 15:27:10"
Jon,Stephens,4.99,"2005-08-02 04:56:45"
Mike,Hillyer,4.99,"2005-08-02 10:50:06"
Jon,Stephens,3.99,"2005-08-17 16:28:53"
Mike,Hillyer,9.99,"2005-08-18 00:10:04"
Mike,Hillyer,2.99,"2005-08-19 00:24:08"
Mike,Hillyer,1.99,"2005-08-19 09:45:41"
Jon,Stephens,0.99,"2005-08-20 15:16:18"
Jon,Stephens,6.99,"2005-08-20 22:13:59"
Mike,Hillyer,6.99,"2005-08-21 11:31:11"
Jon,Stephens,2.99,"2005-08-21 14:02:50"
Jon,Stephens,0.99,"2005-08-22 17:37:02"
Mike,Hillyer,2.99,"2005-08-01 03:13:39"
Mike,Hillyer,2.99,"2005-08-02 05:36:38"
Mike,Hillyer,3.99,"2005-08-02 18:55:15"
Mike,Hillyer,6.99,"2005-08-17 02:29:41"
Mike,Hillyer,0.99,"2005-08-17 08:12:20"
Mike,Hillyer,0.99,"2005-08-17 13:39:32"
Jon,Stephens,2.99,"2005-08-18 04:05:29"
Jon,Stephens,6.99,"2005-08-20 00:18:25"
Mike,Hillyer,7.99,"2005-08-21 08:22:56"
Mike,Hillyer,4.99,"2005-08-21 09:49:28"
Mike,Hillyer,5.99,"2005-08-23 02:51:24"
Jon,Stephens,0.99,"2005-08-23 06:41:32"
Jon,Stephens,6.99,"2005-08-01 04:57:04"
Mike,Hillyer,5.99,"2005-08-01 08:19:53"
Mike,Hillyer,4.99,"2005-08-01 11:39:26"
Jon,Stephens,4.99,"2005-08-01 15:52:00"
Jon,Stephens,3.99,"2005-08-02 04:40:54"
Jon,Stephens,7.99,"2005-08-17 00:51:32"
Mike,Hillyer,8.99,"2005-08-18 07:57:14"
Mike,Hillyer,2.99,"2005-08-18 21:55:01"
Jon,Stephens,2.99,"2005-08-19 21:23:31"
Mike,Hillyer,2.99,"2005-08-20 01:06:04"
Mike,Hillyer,0.99,"2005-08-20 05:53:31"
Mike,Hillyer,5.99,"2005-08-21 04:49:48"
Jon,Stephens,2.99,"2005-08-01 13:05:35"
Mike,Hillyer,9.99,"2005-08-02 13:04:12"
Jon,Stephens,2.99,"2005-08-02 14:42:45"
Mike,Hillyer,2.99,"2005-08-18 17:16:01"
Mike,Hillyer,0.99,"2005-08-21 01:07:11"
Mike,Hillyer,7.99,"2005-08-22 22:09:09"
Mike,Hillyer,2.99,"2005-08-23 13:05:10"
Mike,Hillyer,4.99,"2005-08-23 14:31:19"
Mike,Hillyer,0.99,"2005-08-01 09:11:25"
Mike,Hillyer,4.99,"2005-08-01 09:14:00"
Jon,Stephens,5.99,"2005-08-02 19:00:52"
Mike,Hillyer,0.99,"2005-08-17 01:11:53"
Mike,Hillyer,2.99,"2005-08-18 03:08:10"
Mike,Hillyer,2.99,"2005-08-18 05:58:40"
Jon,Stephens,4.99,"2005-08-18 18:48:58"
Jon,Stephens,7.99,"2005-08-21 13:53:59"
Jon,Stephens,8.99,"2005-08-01 17:09:59"
Jon,Stephens,2.99,"2005-08-02 14:55:00"
Mike,Hillyer,0.99,"2005-08-02 19:13:39"
Jon,Stephens,2.99,"2005-08-17 20:11:35"
Jon,Stephens,2.99,"2005-08-18 09:19:12"
Jon,Stephens,4.99,"2005-08-19 19:23:30"
Jon,Stephens,2.99,"2005-08-20 16:43:28"
Mike,Hillyer,5.99,"2005-08-22 21:59:29"
Mike,Hillyer,4.99,"2005-08-01 22:41:16"
Jon,Stephens,6.99,"2005-08-02 10:14:58"
Jon,Stephens,0.99,"2005-08-16 23:06:30"
Jon,Stephens,5.99,"2005-08-17 19:32:44"
Jon,Stephens,0.99,"2005-08-20 05:07:27"
Mike,Hillyer,4.99,"2005-08-20 12:17:27"
Mike,Hillyer,0.99,"2005-08-22 12:42:47"
Jon,Stephens,2.99,"2005-08-22 17:46:41"
Jon,Stephens,10.99,"2005-08-01 06:50:26"
Jon,Stephens,0.99,"2005-08-16 22:52:30"
Mike,Hillyer,4.99,"2005-08-18 16:58:48"
Jon,Stephens,0.99,"2005-08-20 02:37:07"
Jon,Stephens,2.99,"2005-08-20 15:58:28"
Jon,Stephens,4.99,"2005-08-21 05:19:39"
Mike,Hillyer,0.99,"2005-08-23 20:28:44"
Mike,Hillyer,4.99,"2005-08-02 14:58:41"
Jon,Stephens,0.99,"2005-08-02 16:05:17"
Jon,Stephens,5.99,"2005-08-17 09:44:59"
Jon,Stephens,7.99,"2005-08-19 04:31:36"
Jon,Stephens,4.99,"2005-08-19 10:49:03"
Jon,Stephens,0.99,"2005-08-19 15:25:48"
Mike,Hillyer,0.99,"2005-08-20 00:33:19"
Mike,Hillyer,9.99,"2005-08-21 05:44:07"
Jon,Stephens,7.99,"2005-08-21 15:44:23"
Mike,Hillyer,4.99,"2005-08-22 20:51:24"
Mike,Hillyer,2.99,"2005-08-01 05:23:00"
Jon,Stephens,6.99,"2005-08-01 11:55:33"
Mike,Hillyer,4.99,"2005-08-02 22:18:24"
Jon,Stephens,3.99,"2005-08-17 00:27:23"
Mike,Hillyer,2.99,"2005-08-18 19:16:47"
Mike,Hillyer,4.99,"2005-08-20 11:20:12"
Jon,Stephens,6.99,"2005-08-22 08:43:50"
Mike,Hillyer,0.99,"2005-08-22 22:08:11"
Mike,Hillyer,0.99,"2005-08-23 22:25:26"
Mike,Hillyer,2.99,"2005-08-02 08:44:18"
Mike,Hillyer,2.99,"2005-08-02 09:29:11"
Jon,Stephens,2.99,"2005-08-02 15:48:08"
Jon,Stephens,2.99,"2005-08-02 17:09:24"
Mike,Hillyer,7.99,"2005-08-17 16:20:37"
Jon,Stephens,2.99,"2005-08-18 04:39:10"
Jon,Stephens,2.99,"2005-08-18 14:46:26"
Mike,Hillyer,2.99,"2005-08-18 18:00:23"
Jon,Stephens,8.99,"2005-08-19 20:18:36"
Mike,Hillyer,5.99,"2005-08-19 22:03:46"
Jon,Stephens,5.99,"2005-08-20 02:00:33"
Mike,Hillyer,4.99,"2005-08-20 03:41:41"
Jon,Stephens,3.99,"2005-08-20 08:34:41"
Jon,Stephens,0.99,"2005-08-21 16:31:22"
Jon,Stephens,4.99,"2005-08-21 23:53:35"
Jon,Stephens,8.99,"2005-08-22 03:23:41"
Mike,Hillyer,0.99,"2005-08-22 15:36:04"
Mike,Hillyer,4.99,"2005-08-23 17:12:31"
Jon,Stephens,2.99,"2005-08-01 17:53:02"
Jon,Stephens,2.99,"2005-08-01 19:15:08"
Jon,Stephens,0.99,"2005-08-02 15:50:44"
Jon,Stephens,2.99,"2005-08-17 22:53:00"
Mike,Hillyer,4.99,"2005-08-18 07:41:43"
Mike,Hillyer,7.99,"2005-08-18 15:39:46"
Jon,Stephens,4.99,"2005-08-19 13:08:23"
Mike,Hillyer,4.99,"2005-08-19 22:01:42"
Mike,Hillyer,6.99,"2005-08-20 01:10:27"
Mike,Hillyer,8.99,"2005-08-21 14:45:34"
Jon,Stephens,4.99,"2005-08-17 18:26:22"
Mike,Hillyer,2.99,"2005-08-20 10:24:41"
Mike,Hillyer,2.99,"2005-08-20 21:43:44"
Jon,Stephens,2.99,"2005-08-21 08:15:41"
Mike,Hillyer,2.99,"2005-08-21 08:42:26"
Jon,Stephens,5.99,"2005-08-23 12:41:38"
Mike,Hillyer,4.99,"2005-08-01 17:32:53"
Jon,Stephens,1.99,"2005-08-01 19:05:18"
Jon,Stephens,4.99,"2005-08-02 08:03:02"
Jon,Stephens,4.99,"2005-08-02 20:22:45"
Jon,Stephens,0.99,"2005-08-18 06:51:39"
Jon,Stephens,0.99,"2005-08-20 01:29:29"
Jon,Stephens,8.99,"2005-08-16 23:27:36"
Mike,Hillyer,5.99,"2005-08-17 14:10:22"
Mike,Hillyer,9.99,"2005-08-18 02:31:18"
Jon,Stephens,2.99,"2005-08-18 07:40:52"
Mike,Hillyer,8.99,"2005-08-20 09:53:44"
Jon,Stephens,8.99,"2005-08-20 12:46:32"
Mike,Hillyer,4.99,"2005-08-21 00:33:03"
Mike,Hillyer,2.99,"2005-08-22 09:57:16"
Jon,Stephens,0.99,"2005-08-23 03:46:47"
Jon,Stephens,4.99,"2005-08-01 03:33:19"
Mike,Hillyer,7.99,"2005-08-01 14:59:50"
Mike,Hillyer,1.99,"2005-08-02 03:30:24"
Mike,Hillyer,0.99,"2005-08-17 12:27:55"
Mike,Hillyer,0.99,"2005-08-18 01:28:15"
Jon,Stephens,4.99,"2005-08-19 08:48:37"
Mike,Hillyer,4.99,"2005-08-19 12:26:32"
Jon,Stephens,2.99,"2005-08-19 19:25:42"
Jon,Stephens,2.99,"2005-08-21 18:03:20"
Jon,Stephens,6.99,"2005-08-22 10:19:58"
Mike,Hillyer,1.99,"2005-08-22 14:37:22"
Jon,Stephens,0.99,"2005-08-22 17:53:06"
Mike,Hillyer,2.99,"2005-08-23 01:10:42"
Jon,Stephens,4.99,"2005-08-01 13:23:06"
Mike,Hillyer,0.99,"2005-08-01 19:28:47"
Jon,Stephens,0.99,"2005-08-02 07:10:57"
Jon,Stephens,0.99,"2005-08-17 17:53:09"
Jon,Stephens,2.99,"2005-08-17 23:34:16"
Jon,Stephens,4.99,"2005-08-18 19:07:23"
Mike,Hillyer,6.99,"2005-08-18 23:34:22"
Mike,Hillyer,2.99,"2005-08-19 21:37:57"
Jon,Stephens,4.99,"2005-08-19 22:09:28"
Mike,Hillyer,4.99,"2005-08-19 22:43:38"
Mike,Hillyer,8.99,"2005-08-20 00:50:54"
Mike,Hillyer,9.99,"2005-08-20 09:26:14"
Mike,Hillyer,4.99,"2005-08-20 10:48:43"
Jon,Stephens,8.99,"2005-08-20 23:24:07"
Jon,Stephens,2.99,"2005-08-21 02:51:59"
Jon,Stephens,2.99,"2005-08-21 12:10:41"
Mike,Hillyer,4.99,"2005-08-22 03:20:26"
Mike,Hillyer,5.99,"2005-08-17 19:54:54"
Mike,Hillyer,2.99,"2005-08-17 23:22:46"
Jon,Stephens,0.99,"2005-08-19 00:42:24"
Jon,Stephens,9.99,"2005-08-19 09:43:25"
Mike,Hillyer,2.99,"2005-08-20 22:18:53"
Mike,Hillyer,6.99,"2005-08-21 16:24:43"
Mike,Hillyer,7.99,"2005-08-22 13:18:25"
Mike,Hillyer,6.99,"2005-08-23 06:03:31"
Mike,Hillyer,4.99,"2005-08-23 08:48:43"
Mike,Hillyer,4.99,"2005-08-23 14:06:19"
Mike,Hillyer,2.99,"2005-08-02 01:29:57"
Jon,Stephens,2.99,"2005-08-16 23:04:53"
Jon,Stephens,2.99,"2005-08-19 18:31:50"
Jon,Stephens,4.99,"2005-08-19 20:00:25"
Jon,Stephens,6.99,"2005-08-19 23:25:37"
Jon,Stephens,0.99,"2005-08-20 02:21:40"
Jon,Stephens,0.99,"2005-08-20 04:12:41"
Jon,Stephens,2.99,"2005-08-21 13:42:45"
Jon,Stephens,2.99,"2005-08-01 10:38:27"
Mike,Hillyer,2.99,"2005-08-02 12:09:45"
Jon,Stephens,2.99,"2005-08-17 00:57:36"
Jon,Stephens,8.99,"2005-08-18 00:53:37"
Mike,Hillyer,2.99,"2005-08-18 22:22:45"
Mike,Hillyer,1.99,"2005-08-19 07:34:53"
Jon,Stephens,4.99,"2005-08-19 09:40:53"
Mike,Hillyer,0.99,"2005-08-19 16:45:59"
Jon,Stephens,4.99,"2005-08-22 21:28:59"
Mike,Hillyer,5.99,"2005-08-01 04:49:06"
Jon,Stephens,2.99,"2005-08-02 00:12:32"
Mike,Hillyer,2.99,"2005-08-02 02:05:59"
Mike,Hillyer,0.99,"2005-08-17 04:48:05"
Mike,Hillyer,0.99,"2005-08-19 04:48:48"
Mike,Hillyer,4.99,"2005-08-21 03:38:27"
Mike,Hillyer,4.99,"2005-08-21 05:13:16"
Mike,Hillyer,0.99,"2005-08-23 02:57:30"
Mike,Hillyer,5.99,"2005-08-23 20:00:30"
Mike,Hillyer,3.99,"2005-08-01 06:42:20"
Mike,Hillyer,3.99,"2005-08-02 04:48:11"
Jon,Stephens,2.99,"2005-08-02 16:04:08"
Mike,Hillyer,0.99,"2005-08-02 17:00:12"
Mike,Hillyer,5.99,"2005-08-17 08:54:30"
Jon,Stephens,4.99,"2005-08-19 11:25:10"
Jon,Stephens,4.99,"2005-08-21 03:24:29"
Jon,Stephens,8.99,"2005-08-21 03:37:42"
Jon,Stephens,1.99,"2005-08-21 17:51:06"
Mike,Hillyer,7.99,"2005-08-21 20:12:30"
Mike,Hillyer,2.99,"2005-08-22 22:34:44"
Mike,Hillyer,7.99,"2005-08-23 11:16:29"
Mike,Hillyer,7.99,"2005-08-01 21:51:15"
Mike,Hillyer,4.99,"2005-08-02 00:00:33"
Mike,Hillyer,0.99,"2005-08-02 13:12:17"
Mike,Hillyer,8.99,"2005-08-17 05:25:57"
Jon,Stephens,6.99,"2005-08-17 08:48:31"
Jon,Stephens,5.99,"2005-08-17 19:52:43"
Jon,Stephens,0.99,"2005-08-18 11:28:14"
Mike,Hillyer,2.99,"2005-08-18 13:57:50"
Jon,Stephens,4.99,"2005-08-20 13:13:56"
Mike,Hillyer,0.99,"2005-08-22 10:00:04"
Jon,Stephens,6.99,"2005-08-01 03:48:12"
Mike,Hillyer,2.99,"2005-08-02 20:32:55"
Mike,Hillyer,3.99,"2005-08-17 13:44:49"
Jon,Stephens,2.99,"2005-08-18 01:54:44"
Mike,Hillyer,0.99,"2005-08-18 07:44:05"
Mike,Hillyer,2.99,"2005-08-18 20:59:17"
Jon,Stephens,4.99,"2005-08-20 12:11:03"
Jon,Stephens,2.99,"2005-08-21 15:34:23"
Mike,Hillyer,4.99,"2005-08-23 00:48:29"
Mike,Hillyer,2.99,"2005-08-23 02:08:40"
Mike,Hillyer,5.99,"2005-08-01 12:36:09"
Jon,Stephens,1.99,"2005-08-02 01:30:21"
Mike,Hillyer,4.99,"2005-08-02 07:29:10"
Jon,Stephens,2.99,"2005-08-17 17:34:38"
Mike,Hillyer,4.99,"2005-08-18 12:48:22"
Mike,Hillyer,2.99,"2005-08-18 13:20:13"
Jon,Stephens,6.99,"2005-08-18 15:20:46"
Jon,Stephens,6.99,"2005-08-18 17:16:07"
Jon,Stephens,2.99,"2005-08-19 13:50:36"
Mike,Hillyer,0.99,"2005-08-19 23:36:25"
Jon,Stephens,2.99,"2005-08-20 12:03:35"
Mike,Hillyer,3.99,"2005-08-20 14:00:25"
Mike,Hillyer,0.99,"2005-08-21 03:01:45"
Mike,Hillyer,4.99,"2005-08-21 21:01:19"
Mike,Hillyer,7.99,"2005-08-22 07:35:56"
Mike,Hillyer,5.99,"2005-08-22 07:53:00"
Mike,Hillyer,6.99,"2005-08-01 01:57:48"
Mike,Hillyer,2.99,"2005-08-18 03:27:11"
Mike,Hillyer,2.99,"2005-08-18 14:29:37"
Jon,Stephens,0.99,"2005-08-18 22:58:34"
Mike,Hillyer,0.99,"2005-08-19 23:35:44"
Mike,Hillyer,4.99,"2005-08-20 08:50:39"
Mike,Hillyer,0.99,"2005-08-21 08:37:15"
Mike,Hillyer,2.99,"2005-08-21 17:18:33"
Mike,Hillyer,4.99,"2005-08-22 10:39:51"
Mike,Hillyer,4.99,"2005-08-23 04:17:56"
Jon,Stephens,2.99,"2005-08-23 15:17:14"
Jon,Stephens,4.99,"2005-08-17 22:17:09"
Mike,Hillyer,0.99,"2005-08-18 08:26:05"
Jon,Stephens,6.99,"2005-08-23 09:37:34"
Jon,Stephens,6.99,"2005-08-23 14:58:06"
Mike,Hillyer,4.99,"2005-08-02 09:22:25"
Jon,Stephens,4.99,"2005-08-17 12:54:47"
Jon,Stephens,9.99,"2005-08-18 09:50:40"
Mike,Hillyer,8.99,"2005-08-20 10:31:23"
Mike,Hillyer,1.99,"2005-08-20 17:16:10"
Mike,Hillyer,0.99,"2005-08-20 23:18:54"
Jon,Stephens,5.99,"2005-08-21 16:32:32"
Jon,Stephens,2.99,"2005-08-01 04:59:30"
Mike,Hillyer,4.99,"2005-08-02 00:27:12"
Mike,Hillyer,7.99,"2005-08-19 16:25:00"
Mike,Hillyer,2.99,"2005-08-20 14:50:57"
Mike,Hillyer,7.99,"2005-08-20 18:11:44"
Mike,Hillyer,0.99,"2005-08-20 20:12:19"
Mike,Hillyer,0.99,"2005-08-21 18:29:13"
Mike,Hillyer,5.99,"2005-08-22 11:43:04"
Jon,Stephens,2.99,"2005-08-22 12:28:01"
Mike,Hillyer,0.99,"2005-08-01 11:52:32"
Mike,Hillyer,4.99,"2005-08-01 14:58:14"
Jon,Stephens,0.99,"2005-08-02 08:05:19"
Mike,Hillyer,2.99,"2005-08-16 23:18:47"
Jon,Stephens,4.99,"2005-08-17 07:15:47"
Jon,Stephens,2.99,"2005-08-18 04:57:59"
Mike,Hillyer,2.99,"2005-08-18 16:42:45"
Mike,Hillyer,0.99,"2005-08-18 18:36:16"
Mike,Hillyer,4.99,"2005-08-19 21:21:47"
Jon,Stephens,2.99,"2005-08-20 17:55:13"
Mike,Hillyer,5.99,"2005-08-21 20:32:08"
Jon,Stephens,7.99,"2005-08-21 20:54:32"
Mike,Hillyer,1.99,"2005-08-02 15:32:32"
Mike,Hillyer,7.99,"2005-08-02 20:59:52"
Mike,Hillyer,4.99,"2005-08-17 04:50:56"
Mike,Hillyer,4.99,"2005-08-17 21:02:19"
Mike,Hillyer,2.99,"2005-08-20 10:31:01"
Mike,Hillyer,0.99,"2005-08-21 00:53:09"
Jon,Stephens,2.99,"2005-08-21 01:31:51"
Jon,Stephens,4.99,"2005-08-21 22:25:09"
Jon,Stephens,2.99,"2005-08-01 11:53:17"
Jon,Stephens,2.99,"2005-08-01 20:25:35"
Mike,Hillyer,0.99,"2005-08-02 03:48:17"
Jon,Stephens,6.99,"2005-08-02 03:56:23"
Jon,Stephens,4.99,"2005-08-17 04:00:01"
Mike,Hillyer,4.99,"2005-08-17 12:06:54"
Jon,Stephens,2.99,"2005-08-20 04:31:45"
Jon,Stephens,1.99,"2005-08-20 04:34:46"
Mike,Hillyer,4.99,"2005-08-20 08:30:54"
Mike,Hillyer,9.99,"2005-08-21 19:15:33"
Jon,Stephens,4.99,"2005-08-23 08:42:40"
Mike,Hillyer,2.99,"2005-08-01 12:22:41"
Mike,Hillyer,3.99,"2005-08-02 10:39:43"
Mike,Hillyer,7.99,"2005-08-19 09:21:10"
Jon,Stephens,4.99,"2005-08-19 12:55:09"
Jon,Stephens,0.99,"2005-08-20 00:00:24"
Jon,Stephens,3.99,"2005-08-20 01:33:36"
Jon,Stephens,8.99,"2005-08-20 21:19:36"
Mike,Hillyer,0.99,"2005-08-20 23:42:46"
Jon,Stephens,2.99,"2005-08-21 15:15:03"
Mike,Hillyer,3.99,"2005-08-22 09:03:44"
Mike,Hillyer,0.99,"2005-08-23 17:32:19"
Jon,Stephens,0.99,"2005-08-23 22:08:04"
Jon,Stephens,6.99,"2005-08-01 11:53:12"
Jon,Stephens,3.99,"2005-08-02 06:15:40"
Mike,Hillyer,2.99,"2005-08-02 17:13:26"
Mike,Hillyer,4.99,"2005-08-17 12:20:01"
Jon,Stephens,0.99,"2005-08-17 22:28:15"
Jon,Stephens,1.99,"2005-08-18 01:45:50"
Mike,Hillyer,4.99,"2005-08-21 16:03:01"
Jon,Stephens,2.99,"2005-08-21 18:48:06"
Mike,Hillyer,6.99,"2005-08-22 00:25:59"
Mike,Hillyer,2.99,"2005-08-23 09:02:04"
Mike,Hillyer,5.99,"2005-08-23 11:55:50"
Mike,Hillyer,4.99,"2005-08-01 02:39:12"
Jon,Stephens,4.99,"2005-08-01 03:09:26"
Jon,Stephens,0.99,"2005-08-01 15:34:46"
Mike,Hillyer,9.99,"2005-08-01 15:44:43"
Jon,Stephens,0.99,"2005-08-18 04:26:54"
Jon,Stephens,4.99,"2005-08-18 11:25:11"
Jon,Stephens,7.99,"2005-08-19 11:01:54"
Jon,Stephens,5.99,"2005-08-22 12:51:38"
Mike,Hillyer,2.99,"2005-08-01 08:58:08"
Jon,Stephens,0.99,"2005-08-17 16:08:49"
Jon,Stephens,3.99,"2005-08-17 17:11:05"
Jon,Stephens,9.99,"2005-08-18 09:11:23"
Jon,Stephens,2.99,"2005-08-19 03:16:58"
Mike,Hillyer,6.99,"2005-08-19 13:07:12"
Mike,Hillyer,0.99,"2005-08-19 21:31:45"
Mike,Hillyer,5.99,"2005-08-20 14:23:20"
Mike,Hillyer,2.99,"2005-08-20 17:58:11"
Mike,Hillyer,6.99,"2005-08-21 06:01:08"
Mike,Hillyer,2.99,"2005-08-22 16:06:49"
Jon,Stephens,4.99,"2005-08-01 10:45:51"
Mike,Hillyer,5.99,"2005-08-02 00:00:54"
Jon,Stephens,2.99,"2005-08-18 00:10:20"
Jon,Stephens,3.99,"2005-08-18 01:08:34"
Jon,Stephens,0.99,"2005-08-19 01:07:02"
Jon,Stephens,7.99,"2005-08-21 15:29:47"
Jon,Stephens,4.99,"2005-08-23 16:08:40"
Jon,Stephens,2.99,"2005-08-01 05:18:56"
Jon,Stephens,2.99,"2005-08-01 23:47:03"
Mike,Hillyer,5.99,"2005-08-02 02:54:53"
Mike,Hillyer,4.99,"2005-08-18 12:25:16"
Jon,Stephens,2.99,"2005-08-18 13:05:37"
Mike,Hillyer,7.99,"2005-08-21 12:50:33"
Mike,Hillyer,2.99,"2005-08-23 00:42:49"
Mike,Hillyer,4.99,"2005-08-17 09:11:52"
Mike,Hillyer,2.99,"2005-08-21 05:29:55"
Mike,Hillyer,4.99,"2005-08-21 19:19:21"
Jon,Stephens,4.99,"2005-08-22 01:54:52"
Jon,Stephens,4.99,"2005-08-22 14:27:46"
Jon,Stephens,6.99,"2005-08-23 14:23:44"
Jon,Stephens,2.99,"2005-08-23 18:51:41"
Mike,Hillyer,2.99,"2005-08-02 17:53:36"
Jon,Stephens,3.99,"2005-08-18 07:16:58"
Mike,Hillyer,4.99,"2005-08-18 13:17:07"
Mike,Hillyer,6.99,"2005-08-19 00:16:54"
Jon,Stephens,4.99,"2005-08-19 07:06:34"
Jon,Stephens,2.99,"2005-08-22 10:14:33"
Mike,Hillyer,2.99,"2005-08-01 11:22:20"
Jon,Stephens,6.99,"2005-08-02 00:33:12"
Mike,Hillyer,8.99,"2005-08-02 05:04:18"
Mike,Hillyer,4.99,"2005-08-02 05:51:10"
Jon,Stephens,2.99,"2005-08-02 22:28:22"
Jon,Stephens,3.99,"2005-08-02 22:35:15"
Mike,Hillyer,2.99,"2005-08-17 08:09:00"
Mike,Hillyer,3.99,"2005-08-19 20:18:39"
Jon,Stephens,4.99,"2005-08-19 22:05:19"
Mike,Hillyer,6.99,"2005-08-21 16:52:03"
Mike,Hillyer,10.99,"2005-08-23 14:47:26"
Jon,Stephens,7.99,"2005-08-23 22:13:04"
Jon,Stephens,4.99,"2005-08-01 08:30:11"
Mike,Hillyer,4.99,"2005-08-01 22:22:07"
Mike,Hillyer,5.99,"2005-08-01 23:13:00"
Mike,Hillyer,0.99,"2005-08-17 07:49:17"
Jon,Stephens,4.99,"2005-08-17 22:32:37"
Jon,Stephens,2.99,"2005-08-18 03:25:08"
Jon,Stephens,4.99,"2005-08-18 04:49:27"
Mike,Hillyer,2.99,"2005-08-18 05:30:31"
Jon,Stephens,4.99,"2005-08-18 11:19:47"
Mike,Hillyer,0.99,"2005-08-19 16:05:36"
Jon,Stephens,4.99,"2005-08-21 02:10:57"
Jon,Stephens,6.99,"2005-08-21 15:08:05"
Mike,Hillyer,4.99,"2005-08-22 05:54:03"
Mike,Hillyer,2.99,"2005-08-23 00:31:57"
Mike,Hillyer,0.99,"2005-08-23 10:35:51"
Mike,Hillyer,5.99,"2005-08-23 12:47:26"
Mike,Hillyer,0.99,"2005-08-02 08:59:04"
Jon,Stephens,5.99,"2005-08-02 22:09:01"
Mike,Hillyer,7.99,"2005-08-18 02:35:39"
Jon,Stephens,7.99,"2005-08-18 04:41:47"
Mike,Hillyer,0.99,"2005-08-21 10:25:56"
Jon,Stephens,2.99,"2005-08-23 15:39:18"
Jon,Stephens,2.99,"2005-08-01 03:22:23"
Jon,Stephens,1.99,"2005-08-21 12:21:25"
Jon,Stephens,2.99,"2005-08-21 15:22:50"
Mike,Hillyer,3.99,"2005-08-22 17:27:23"
Mike,Hillyer,0.99,"2005-08-01 03:05:59"
Mike,Hillyer,2.99,"2005-08-01 14:10:21"
Mike,Hillyer,2.99,"2005-08-01 22:43:12"
Jon,Stephens,5.99,"2005-08-21 03:00:03"
Mike,Hillyer,6.99,"2005-08-21 18:35:54"
Mike,Hillyer,2.99,"2005-08-21 20:02:18"
Jon,Stephens,4.99,"2005-08-01 02:58:27"
Jon,Stephens,7.99,"2005-08-01 10:20:34"
Jon,Stephens,3.99,"2005-08-02 06:27:13"
Mike,Hillyer,6.99,"2005-08-18 23:25:20"
Jon,Stephens,7.99,"2005-08-19 12:24:23"
Mike,Hillyer,4.99,"2005-08-20 22:17:01"
Jon,Stephens,2.99,"2005-08-22 13:36:30"
Jon,Stephens,6.99,"2005-08-22 22:49:23"
Mike,Hillyer,4.99,"2005-08-23 21:25:03"
Jon,Stephens,4.99,"2005-08-01 02:20:01"
Mike,Hillyer,2.99,"2005-08-01 21:14:24"
Mike,Hillyer,0.99,"2005-08-02 01:12:35"
Mike,Hillyer,2.99,"2005-08-02 15:38:03"
Jon,Stephens,4.99,"2005-08-17 06:39:16"
Jon,Stephens,6.99,"2005-08-17 09:07:56"
Mike,Hillyer,0.99,"2005-08-18 01:36:00"
Mike,Hillyer,4.99,"2005-08-18 21:43:09"
Jon,Stephens,2.99,"2005-08-19 10:51:59"
Mike,Hillyer,2.99,"2005-08-19 18:54:26"
Mike,Hillyer,0.99,"2005-08-20 15:06:26"
Jon,Stephens,2.99,"2005-08-20 15:23:26"
Jon,Stephens,6.99,"2005-08-21 04:49:41"
Jon,Stephens,4.99,"2005-08-21 14:47:09"
Mike,Hillyer,4.99,"2005-08-21 18:07:40"
Mike,Hillyer,4.99,"2005-08-22 04:31:50"
Jon,Stephens,0.99,"2005-08-01 14:12:29"
Mike,Hillyer,0.99,"2005-08-01 15:37:58"
Mike,Hillyer,0.99,"2005-08-02 07:08:07"
Mike,Hillyer,3.99,"2005-08-17 08:24:35"
Jon,Stephens,2.99,"2005-08-18 02:12:33"
Jon,Stephens,0.99,"2005-08-18 13:42:45"
Jon,Stephens,5.99,"2005-08-19 10:39:54"
Jon,Stephens,2.99,"2005-08-22 01:18:37"
Mike,Hillyer,5.99,"2005-08-22 01:21:14"
Jon,Stephens,6.99,"2005-08-22 06:35:50"
Jon,Stephens,5.99,"2005-08-23 17:00:12"
Mike,Hillyer,3.99,"2005-08-01 14:14:59"
Mike,Hillyer,5.99,"2005-08-17 20:59:56"
Mike,Hillyer,2.99,"2005-08-18 15:49:08"
Mike,Hillyer,5.99,"2005-08-19 09:25:40"
Jon,Stephens,2.99,"2005-08-20 12:16:38"
Mike,Hillyer,2.99,"2005-08-20 22:32:11"
Jon,Stephens,0.99,"2005-08-21 00:11:17"
Jon,Stephens,5.99,"2005-08-21 01:15:59"
Mike,Hillyer,4.99,"2005-08-21 19:59:30"
Jon,Stephens,0.99,"2005-08-22 01:09:04"
Jon,Stephens,5.99,"2005-08-01 10:27:42"
Jon,Stephens,5.99,"2005-08-02 00:47:16"
Mike,Hillyer,4.99,"2005-08-02 03:33:14"
Mike,Hillyer,4.99,"2005-08-02 10:55:14"
Jon,Stephens,2.99,"2005-08-17 15:03:13"
Mike,Hillyer,2.99,"2005-08-18 13:48:43"
Jon,Stephens,5.99,"2005-08-18 23:35:56"
Mike,Hillyer,4.99,"2005-08-19 00:51:28"
Jon,Stephens,0.99,"2005-08-19 02:57:37"
Jon,Stephens,2.99,"2005-08-19 19:16:18"
Mike,Hillyer,0.99,"2005-08-20 15:41:00"
Mike,Hillyer,4.99,"2005-08-21 04:34:11"
Mike,Hillyer,10.99,"2005-08-22 17:20:17"
Mike,Hillyer,4.99,"2005-08-23 05:20:36"
Jon,Stephens,1.99,"2005-08-02 14:49:51"
Mike,Hillyer,4.99,"2005-08-18 23:37:33"
Mike,Hillyer,4.99,"2005-08-19 00:40:41"
Jon,Stephens,1.99,"2005-08-19 06:43:28"
Mike,Hillyer,6.99,"2005-08-19 20:25:24"
Mike,Hillyer,2.99,"2005-08-21 19:51:11"
Mike,Hillyer,4.99,"2005-08-22 19:37:20"
Jon,Stephens,6.99,"2005-08-01 05:49:17"
Jon,Stephens,0.99,"2005-08-01 17:26:24"
Mike,Hillyer,4.99,"2005-08-02 03:20:39"
Mike,Hillyer,5.99,"2005-08-02 17:45:02"
Mike,Hillyer,4.99,"2005-08-17 05:11:09"
Jon,Stephens,1.99,"2005-08-18 14:06:39"
Jon,Stephens,4.99,"2005-08-18 21:07:28"
Jon,Stephens,8.99,"2005-08-20 04:17:16"
Mike,Hillyer,5.99,"2005-08-20 11:43:52"
Jon,Stephens,3.99,"2005-08-21 07:03:05"
Jon,Stephens,0.99,"2005-08-21 15:16:29"
Jon,Stephens,7.99,"2005-08-23 10:23:28"
Jon,Stephens,5.99,"2005-08-19 04:59:01"
Jon,Stephens,0.99,"2005-08-19 13:29:46"
Jon,Stephens,0.99,"2005-08-20 10:51:27"
Jon,Stephens,9.99,"2005-08-20 17:13:48"
Jon,Stephens,0.99,"2005-08-23 05:26:30"
Jon,Stephens,9.99,"2005-08-23 16:24:24"
Jon,Stephens,4.99,"2005-08-01 02:47:11"
Mike,Hillyer,0.99,"2005-08-01 17:00:27"
Mike,Hillyer,6.99,"2005-08-02 19:44:04"
Jon,Stephens,8.99,"2005-08-18 05:08:54"
Mike,Hillyer,6.99,"2005-08-19 14:34:12"
Mike,Hillyer,3.99,"2005-08-19 15:14:38"
Mike,Hillyer,2.99,"2005-08-20 17:15:06"
Jon,Stephens,4.99,"2005-08-20 18:52:43"
Jon,Stephens,5.99,"2005-08-21 07:29:05"
Mike,Hillyer,6.99,"2005-08-21 19:49:46"
Mike,Hillyer,4.99,"2005-08-22 07:47:07"
Jon,Stephens,4.99,"2005-08-02 18:48:29"
Mike,Hillyer,5.99,"2005-08-19 01:42:28"
Jon,Stephens,2.99,"2005-08-19 18:08:18"
Mike,Hillyer,2.99,"2005-08-20 05:10:14"
Jon,Stephens,4.99,"2005-08-20 16:57:11"
Mike,Hillyer,5.99,"2005-08-21 01:53:54"
Mike,Hillyer,5.99,"2005-08-22 07:12:53"
Jon,Stephens,5.99,"2005-08-22 18:48:48"
Jon,Stephens,4.99,"2005-08-23 12:15:51"
Jon,Stephens,2.99,"2005-08-23 17:33:04"
Jon,Stephens,0.99,"2005-08-01 17:28:05"
Mike,Hillyer,4.99,"2005-08-02 07:58:50"
Mike,Hillyer,8.99,"2005-08-02 19:12:40"
Mike,Hillyer,1.99,"2005-08-17 22:16:49"
Jon,Stephens,7.99,"2005-08-18 17:16:03"
Mike,Hillyer,2.99,"2005-08-22 11:39:03"
Mike,Hillyer,2.99,"2005-08-22 20:15:16"
Mike,Hillyer,5.99,"2005-08-23 07:07:58"
Mike,Hillyer,0.99,"2005-08-23 07:30:26"
Mike,Hillyer,2.99,"2005-08-23 08:28:03"
Jon,Stephens,0.99,"2005-08-01 12:46:39"
Jon,Stephens,2.99,"2005-08-02 18:16:55"
Mike,Hillyer,9.99,"2005-08-17 21:50:25"
Mike,Hillyer,0.99,"2005-08-20 00:18:15"
Mike,Hillyer,0.99,"2005-08-20 13:57:59"
Jon,Stephens,6.99,"2005-08-22 11:34:06"
Mike,Hillyer,1.99,"2005-08-23 09:35:34"
Mike,Hillyer,2.99,"2005-08-01 22:46:21"
Mike,Hillyer,5.99,"2005-08-02 15:22:47"
Mike,Hillyer,0.99,"2005-08-17 18:23:50"
Jon,Stephens,8.99,"2005-08-20 02:27:13"
Jon,Stephens,1.99,"2005-08-21 16:50:34"
Jon,Stephens,2.99,"2005-08-21 17:34:24"
Jon,Stephens,4.99,"2005-08-22 01:20:19"
Mike,Hillyer,6.99,"2005-08-23 01:15:18"
Mike,Hillyer,0.99,"2005-08-23 06:11:52"
Mike,Hillyer,6.99,"2005-08-01 03:38:42"
Mike,Hillyer,4.99,"2005-08-17 15:37:34"
Jon,Stephens,2.99,"2005-08-18 07:12:46"
Jon,Stephens,0.99,"2005-08-18 13:39:26"
Mike,Hillyer,7.99,"2005-08-19 06:04:34"
Mike,Hillyer,0.99,"2005-08-19 10:38:56"
Mike,Hillyer,8.99,"2005-08-20 06:51:02"
Mike,Hillyer,3.99,"2005-08-22 05:38:55"
Mike,Hillyer,5.99,"2005-08-22 10:24:32"
Mike,Hillyer,2.99,"2005-08-22 17:30:25"
Jon,Stephens,0.99,"2005-08-01 00:12:11"
Jon,Stephens,4.99,"2005-08-01 18:51:29"
Mike,Hillyer,4.99,"2005-08-02 00:54:33"
Mike,Hillyer,0.99,"2005-08-18 09:43:58"
Mike,Hillyer,2.99,"2005-08-20 11:50:14"
Mike,Hillyer,0.99,"2005-08-20 18:44:53"
Mike,Hillyer,5.99,"2005-08-21 02:59:48"
Jon,Stephens,0.99,"2005-08-21 07:59:47"
Jon,Stephens,5.99,"2005-08-02 08:08:00"
Mike,Hillyer,8.99,"2005-08-02 12:48:05"
Jon,Stephens,4.99,"2005-08-02 21:35:00"
Jon,Stephens,2.99,"2005-08-17 13:16:38"
Mike,Hillyer,7.99,"2005-08-17 23:02:00"
Mike,Hillyer,6.99,"2005-08-18 19:59:54"
Jon,Stephens,0.99,"2005-08-20 09:07:52"
Jon,Stephens,6.99,"2005-08-21 02:04:57"
Mike,Hillyer,0.99,"2005-08-21 09:08:51"
Mike,Hillyer,0.99,"2005-08-01 08:13:22"
Jon,Stephens,5.99,"2005-08-02 05:48:20"
Jon,Stephens,2.99,"2005-08-02 17:46:04"
Mike,Hillyer,5.99,"2005-08-17 06:15:17"
Mike,Hillyer,0.99,"2005-08-17 16:42:13"
Mike,Hillyer,0.99,"2005-08-18 20:20:59"
Mike,Hillyer,2.99,"2005-08-20 16:05:41"
Jon,Stephens,2.99,"2005-08-21 01:31:25"
Mike,Hillyer,6.99,"2005-08-21 04:37:56"
Jon,Stephens,2.99,"2005-08-21 09:04:20"
Jon,Stephens,0.99,"2005-08-21 11:29:43"
Jon,Stephens,4.99,"2005-08-22 09:01:52"
Mike,Hillyer,8.99,"2005-08-23 06:23:26"
Mike,Hillyer,8.99,"2005-08-02 15:10:06"
Mike,Hillyer,8.99,"2005-08-17 15:15:01"
Jon,Stephens,4.99,"2005-08-19 23:37:52"
Mike,Hillyer,2.99,"2005-08-20 07:52:34"
Jon,Stephens,4.99,"2005-08-20 12:21:05"
Jon,Stephens,2.99,"2005-08-20 14:19:03"
Jon,Stephens,4.99,"2005-08-22 06:46:03"
Jon,Stephens,2.99,"2005-08-22 11:19:22"
Mike,Hillyer,2.99,"2005-08-02 14:28:50"
Jon,Stephens,2.99,"2005-08-18 22:22:03"
Jon,Stephens,4.99,"2005-08-20 01:05:05"
Jon,Stephens,0.99,"2005-08-21 05:25:59"
Jon,Stephens,5.99,"2005-08-21 12:36:11"
Mike,Hillyer,1.99,"2005-08-22 06:07:52"
Mike,Hillyer,4.99,"2005-08-23 03:36:26"
Mike,Hillyer,3.99,"2005-08-17 17:00:42"
Mike,Hillyer,2.99,"2005-08-17 19:20:48"
Mike,Hillyer,2.99,"2005-08-17 23:20:40"
Mike,Hillyer,5.99,"2005-08-19 06:37:48"
Mike,Hillyer,5.99,"2005-08-19 08:13:54"
Jon,Stephens,3.99,"2005-08-21 07:45:47"
Jon,Stephens,0.99,"2005-08-21 20:31:25"
Jon,Stephens,2.99,"2005-08-21 23:43:00"
Mike,Hillyer,2.99,"2005-08-23 04:25:50"
Mike,Hillyer,9.99,"2005-08-02 14:24:08"
Mike,Hillyer,2.99,"2005-08-17 15:35:47"
Mike,Hillyer,4.99,"2005-08-17 18:56:05"
Jon,Stephens,4.99,"2005-08-18 02:48:14"
Mike,Hillyer,6.99,"2005-08-18 15:49:15"
Mike,Hillyer,3.99,"2005-08-19 05:56:44"
Jon,Stephens,4.99,"2005-08-20 08:44:06"
Jon,Stephens,0.99,"2005-08-22 17:46:12"
Mike,Hillyer,3.99,"2005-08-23 07:06:38"
Mike,Hillyer,4.99,"2005-08-18 09:57:00"
Mike,Hillyer,7.99,"2005-08-21 00:44:34"
Mike,Hillyer,3.99,"2005-08-21 04:57:08"
Jon,Stephens,4.99,"2005-08-22 00:15:12"
Jon,Stephens,3.99,"2005-08-22 04:32:01"
Mike,Hillyer,4.99,"2005-08-23 10:25:45"
Mike,Hillyer,0.99,"2005-08-23 20:44:36"
Jon,Stephens,0.99,"2005-08-01 03:07:26"
Jon,Stephens,6.99,"2005-08-02 11:58:03"
Jon,Stephens,5.99,"2005-08-02 19:52:08"
Mike,Hillyer,2.99,"2005-08-17 04:27:46"
Mike,Hillyer,4.99,"2005-08-17 06:08:54"
Mike,Hillyer,2.99,"2005-08-17 16:21:47"
Jon,Stephens,2.99,"2005-08-17 19:50:33"
Mike,Hillyer,0.99,"2005-08-18 10:59:04"
Jon,Stephens,0.99,"2005-08-18 16:17:54"
Mike,Hillyer,0.99,"2005-08-19 12:53:53"
Jon,Stephens,4.99,"2005-08-19 19:55:45"
Jon,Stephens,0.99,"2005-08-20 05:59:05"
Jon,Stephens,4.99,"2005-08-20 08:05:56"
Mike,Hillyer,0.99,"2005-08-20 20:59:43"
Jon,Stephens,0.99,"2005-08-22 12:16:46"
Jon,Stephens,2.99,"2005-08-22 13:57:55"
Jon,Stephens,4.99,"2005-08-01 08:47:00"
Mike,Hillyer,4.99,"2005-08-02 08:08:30"
Jon,Stephens,0.99,"2005-08-02 09:55:28"
Jon,Stephens,4.99,"2005-08-02 17:21:49"
Jon,Stephens,3.99,"2005-08-17 03:41:11"
Jon,Stephens,4.99,"2005-08-18 05:08:37"
Mike,Hillyer,4.99,"2005-08-20 15:34:43"
Mike,Hillyer,0.99,"2005-08-23 09:02:03"
Jon,Stephens,2.99,"2005-08-23 20:47:12"
Mike,Hillyer,0.99,"2005-08-01 15:27:05"
Jon,Stephens,3.99,"2005-08-18 08:07:45"
Jon,Stephens,3.99,"2005-08-18 12:25:01"
Jon,Stephens,0.99,"2005-08-19 20:03:18"
Jon,Stephens,0.99,"2005-08-20 02:41:46"
Mike,Hillyer,1.99,"2005-08-20 05:29:45"
Jon,Stephens,5.99,"2005-08-20 10:56:06"
Mike,Hillyer,4.99,"2005-08-22 19:17:56"
Jon,Stephens,4.99,"2005-08-22 20:27:38"
Jon,Stephens,0.99,"2005-08-23 02:39:37"
Jon,Stephens,4.99,"2005-08-23 11:56:22"
Mike,Hillyer,0.99,"2005-08-23 22:26:47"
Jon,Stephens,5.99,"2005-08-01 16:28:07"
Mike,Hillyer,3.99,"2005-08-01 19:14:53"
Mike,Hillyer,4.99,"2005-08-02 00:27:24"
Mike,Hillyer,0.99,"2005-08-02 16:45:33"
Mike,Hillyer,2.99,"2005-08-17 18:56:02"
Jon,Stephens,0.99,"2005-08-18 03:26:42"
Mike,Hillyer,1.99,"2005-08-18 06:59:41"
Mike,Hillyer,5.99,"2005-08-18 09:49:52"
Mike,Hillyer,4.99,"2005-08-18 10:24:11"
Mike,Hillyer,0.99,"2005-08-18 19:10:41"
Jon,Stephens,5.99,"2005-08-23 18:23:24"
Jon,Stephens,4.99,"2005-08-01 21:56:37"
Jon,Stephens,7.99,"2005-08-02 10:27:52"
Jon,Stephens,3.99,"2005-08-20 09:21:08"
Mike,Hillyer,2.99,"2005-08-21 19:01:00"
Jon,Stephens,4.99,"2005-08-22 15:21:56"
Mike,Hillyer,10.99,"2005-08-23 05:17:23"
Jon,Stephens,4.99,"2005-08-01 00:09:33"
Mike,Hillyer,2.99,"2005-08-02 00:52:34"
Mike,Hillyer,0.99,"2005-08-02 01:16:59"
Jon,Stephens,0.99,"2005-08-02 04:41:12"
Mike,Hillyer,2.99,"2005-08-02 21:48:09"
Jon,Stephens,7.99,"2005-08-17 10:00:40"
Mike,Hillyer,6.99,"2005-08-17 21:31:46"
Jon,Stephens,1.99,"2005-08-18 06:43:56"
Jon,Stephens,9.99,"2005-08-20 11:17:45"
Jon,Stephens,4.99,"2005-08-21 15:10:50"
Jon,Stephens,2.99,"2005-08-22 21:34:00"
Jon,Stephens,3.99,"2005-08-01 05:30:05"
Mike,Hillyer,2.99,"2005-08-01 14:11:53"
Mike,Hillyer,7.99,"2005-08-01 23:22:45"
Mike,Hillyer,10.99,"2005-08-02 03:16:31"
Jon,Stephens,8.99,"2005-08-18 12:10:03"
Jon,Stephens,4.99,"2005-08-18 18:53:17"
Jon,Stephens,5.99,"2005-08-19 11:55:59"
Mike,Hillyer,0.99,"2005-08-19 23:29:06"
Jon,Stephens,5.99,"2005-08-20 12:21:37"
Jon,Stephens,2.99,"2005-08-21 18:10:43"
Mike,Hillyer,0.99,"2005-08-21 21:29:55"
Mike,Hillyer,2.99,"2005-08-22 01:08:34"
Jon,Stephens,7.99,"2005-08-22 02:51:41"
Jon,Stephens,2.99,"2005-08-23 22:18:51"
Mike,Hillyer,2.99,"2005-08-01 17:14:15"
Jon,Stephens,4.99,"2005-08-17 04:45:39"
Jon,Stephens,2.99,"2005-08-19 08:22:45"
Mike,Hillyer,0.99,"2005-08-21 03:14:27"
Mike,Hillyer,0.99,"2005-08-01 04:29:29"
Mike,Hillyer,6.99,"2005-08-01 16:38:04"
Mike,Hillyer,8.99,"2005-08-01 18:05:54"
Jon,Stephens,5.99,"2005-08-02 08:08:24"
Jon,Stephens,0.99,"2005-08-17 13:08:45"
Mike,Hillyer,1.99,"2005-08-17 13:30:15"
Jon,Stephens,2.99,"2005-08-18 11:41:47"
Mike,Hillyer,4.99,"2005-08-19 20:51:40"
Jon,Stephens,0.99,"2005-08-19 22:05:40"
Mike,Hillyer,4.99,"2005-08-20 10:07:28"
Jon,Stephens,0.99,"2005-08-20 14:44:22"
Mike,Hillyer,0.99,"2005-08-22 04:56:57"
Mike,Hillyer,8.99,"2005-08-23 08:27:57"
Mike,Hillyer,5.99,"2005-08-23 21:13:39"
Jon,Stephens,0.99,"2005-08-01 09:17:21"
Mike,Hillyer,5.99,"2005-08-17 13:04:41"
Jon,Stephens,4.99,"2005-08-18 01:28:18"
Jon,Stephens,5.99,"2005-08-20 13:26:37"
Mike,Hillyer,4.99,"2005-08-21 01:35:58"
Mike,Hillyer,3.99,"2005-08-21 19:09:40"
Jon,Stephens,7.99,"2005-08-21 23:02:02"
Mike,Hillyer,5.99,"2005-08-22 17:18:05"
Mike,Hillyer,4.99,"2005-08-23 06:41:07"
Mike,Hillyer,4.99,"2005-08-23 15:08:00"
Mike,Hillyer,2.99,"2005-08-23 16:07:15"
Jon,Stephens,1.99,"2005-08-23 16:45:28"
Mike,Hillyer,4.99,"2005-08-02 07:59:49"
Jon,Stephens,5.99,"2005-08-17 06:41:58"
Mike,Hillyer,3.99,"2005-08-18 11:55:42"
Mike,Hillyer,0.99,"2005-08-19 08:31:50"
Jon,Stephens,6.99,"2005-08-20 14:33:59"
Jon,Stephens,0.99,"2005-08-21 14:58:58"
Jon,Stephens,4.99,"2005-08-22 04:15:05"
Jon,Stephens,3.99,"2005-08-23 03:12:54"
Mike,Hillyer,0.99,"2005-08-02 19:25:13"
Mike,Hillyer,5.99,"2005-08-17 01:28:05"
Jon,Stephens,4.99,"2005-08-17 10:27:19"
Mike,Hillyer,4.99,"2005-08-18 04:11:13"
Jon,Stephens,5.99,"2005-08-19 07:08:05"
Mike,Hillyer,4.99,"2005-08-20 15:13:11"
Jon,Stephens,4.99,"2005-08-23 02:33:27"
Jon,Stephens,5.99,"2005-08-23 11:52:18"
Jon,Stephens,0.99,"2005-08-01 12:24:42"
Mike,Hillyer,2.99,"2005-08-02 00:27:50"
Jon,Stephens,4.99,"2005-08-02 12:31:41"
Jon,Stephens,3.99,"2005-08-02 19:57:42"
Jon,Stephens,7.99,"2005-08-02 21:00:05"
Jon,Stephens,0.99,"2005-08-17 15:29:12"
Jon,Stephens,4.99,"2005-08-17 17:24:30"
Jon,Stephens,4.99,"2005-08-18 07:55:09"
Jon,Stephens,2.99,"2005-08-19 11:27:43"
Mike,Hillyer,5.99,"2005-08-21 08:29:20"
Mike,Hillyer,4.99,"2005-08-22 15:57:38"
Mike,Hillyer,2.99,"2005-08-22 18:16:50"
Mike,Hillyer,4.99,"2005-08-01 04:56:10"
Mike,Hillyer,0.99,"2005-08-01 12:44:32"
Jon,Stephens,8.99,"2005-08-02 07:03:24"
Jon,Stephens,0.99,"2005-08-17 20:19:06"
Mike,Hillyer,4.99,"2005-08-18 11:21:51"
Mike,Hillyer,3.99,"2005-08-20 10:08:53"
Jon,Stephens,0.99,"2005-08-20 10:25:12"
Jon,Stephens,8.99,"2005-08-01 02:39:39"
Jon,Stephens,4.99,"2005-08-01 12:21:53"
Jon,Stephens,6.99,"2005-08-01 13:58:47"
Jon,Stephens,0.99,"2005-08-17 16:05:51"
Mike,Hillyer,2.99,"2005-08-18 02:09:20"
Jon,Stephens,3.99,"2005-08-19 02:54:38"
Jon,Stephens,4.99,"2005-08-19 20:09:59"
Mike,Hillyer,4.99,"2005-08-20 03:30:25"
Mike,Hillyer,2.99,"2005-08-20 15:11:48"
Jon,Stephens,1.99,"2005-08-21 01:29:01"
Jon,Stephens,4.99,"2005-08-22 11:49:16"
Mike,Hillyer,1.99,"2005-08-23 10:57:40"
Jon,Stephens,5.99,"2005-08-23 18:45:06"
Jon,Stephens,4.99,"2005-08-01 00:48:24"
Mike,Hillyer,4.99,"2005-08-01 06:42:31"
Mike,Hillyer,0.99,"2005-08-18 03:14:14"
Mike,Hillyer,8.99,"2005-08-18 04:11:03"
Mike,Hillyer,5.99,"2005-08-18 04:17:33"
Mike,Hillyer,0.99,"2005-08-20 01:09:11"
Mike,Hillyer,0.99,"2005-08-20 16:16:03"
Jon,Stephens,10.99,"2005-08-20 21:13:58"
Mike,Hillyer,2.99,"2005-08-21 16:25:05"
Mike,Hillyer,2.99,"2005-08-23 16:32:10"
Jon,Stephens,4.99,"2005-08-23 16:58:12"
Mike,Hillyer,0.99,"2005-08-01 08:22:54"
Mike,Hillyer,6.99,"2005-08-02 06:36:27"
Jon,Stephens,2.99,"2005-08-21 00:28:48"
Jon,Stephens,5.99,"2005-08-22 01:32:32"
Jon,Stephens,3.99,"2005-08-22 11:48:19"
Mike,Hillyer,4.99,"2005-08-23 17:13:01"
Jon,Stephens,4.99,"2005-08-01 22:25:29"
Mike,Hillyer,3.99,"2005-08-02 07:56:40"
Mike,Hillyer,3.99,"2005-08-17 23:14:25"
Jon,Stephens,2.99,"2005-08-18 10:34:59"
Mike,Hillyer,2.99,"2005-08-18 22:52:13"
Mike,Hillyer,2.99,"2005-08-20 13:42:10"
Mike,Hillyer,2.99,"2005-08-23 15:38:34"
Jon,Stephens,7.99,"2005-08-01 00:52:40"
Mike,Hillyer,4.99,"2005-08-01 19:07:08"
Mike,Hillyer,4.99,"2005-08-01 23:28:49"
Jon,Stephens,4.99,"2005-08-02 13:02:11"
Mike,Hillyer,0.99,"2005-08-16 23:54:47"
Jon,Stephens,0.99,"2005-08-17 19:48:55"
Mike,Hillyer,2.99,"2005-08-19 00:15:09"
Mike,Hillyer,4.99,"2005-08-19 09:31:33"
Mike,Hillyer,1.99,"2005-08-21 17:57:22"
Mike,Hillyer,4.99,"2005-08-22 00:57:43"
Jon,Stephens,0.99,"2005-08-22 10:29:44"
Jon,Stephens,0.99,"2005-08-22 16:58:31"
Mike,Hillyer,7.99,"2005-08-23 09:16:39"
Jon,Stephens,0.99,"2005-08-02 19:45:33"
Mike,Hillyer,0.99,"2005-08-19 02:04:07"
Jon,Stephens,4.99,"2005-08-19 15:47:58"
Jon,Stephens,4.99,"2005-08-19 19:04:00"
Mike,Hillyer,0.99,"2005-08-21 01:43:58"
Jon,Stephens,2.99,"2005-08-22 04:09:18"
Mike,Hillyer,1.99,"2005-08-22 12:47:45"
Mike,Hillyer,4.99,"2005-08-22 20:56:31"
Mike,Hillyer,1.99,"2005-08-23 10:35:45"
Jon,Stephens,4.99,"2005-08-23 16:50:53"
Jon,Stephens,4.99,"2005-08-02 11:52:41"
Jon,Stephens,2.99,"2005-08-02 13:33:50"
Mike,Hillyer,4.99,"2005-08-17 13:24:55"
Jon,Stephens,5.99,"2005-08-19 08:07:50"
Mike,Hillyer,0.99,"2005-08-20 01:40:25"
Mike,Hillyer,2.99,"2005-08-20 06:41:27"
Mike,Hillyer,0.99,"2005-08-22 00:44:08"
Jon,Stephens,4.99,"2005-08-22 07:53:14"
Jon,Stephens,5.99,"2005-08-02 14:18:22"
Mike,Hillyer,4.99,"2005-08-18 20:43:00"
Mike,Hillyer,2.99,"2005-08-20 04:09:50"
Jon,Stephens,2.99,"2005-08-20 16:11:34"
Mike,Hillyer,8.99,"2005-08-20 17:58:00"
Mike,Hillyer,4.99,"2005-08-20 19:32:29"
Mike,Hillyer,0.99,"2005-08-21 03:40:35"
Jon,Stephens,4.99,"2005-08-21 08:31:03"
Jon,Stephens,5.99,"2005-08-22 20:23:13"
Jon,Stephens,2.99,"2005-08-23 07:30:23"
Mike,Hillyer,0.99,"2005-08-23 10:04:17"
Jon,Stephens,1.99,"2005-08-23 17:48:30"
Mike,Hillyer,2.99,"2005-08-18 06:16:09"
Mike,Hillyer,5.99,"2005-08-20 12:13:24"
Jon,Stephens,1.99,"2005-08-22 00:51:25"
Mike,Hillyer,4.99,"2005-08-22 03:06:38"
Mike,Hillyer,0.99,"2005-08-22 07:13:15"
Mike,Hillyer,0.99,"2005-08-23 10:00:24"
Jon,Stephens,0.99,"2005-08-01 09:02:17"
Jon,Stephens,5.99,"2005-08-18 07:32:12"
Jon,Stephens,7.99,"2005-08-20 02:32:45"
Jon,Stephens,4.99,"2005-08-21 03:51:52"
Jon,Stephens,4.99,"2005-08-17 14:02:01"
Mike,Hillyer,3.99,"2005-08-17 18:16:30"
Mike,Hillyer,4.99,"2005-08-18 02:09:23"
Jon,Stephens,4.99,"2005-08-18 13:48:31"
Mike,Hillyer,0.99,"2005-08-20 02:28:09"
Mike,Hillyer,4.99,"2005-08-20 14:48:55"
Mike,Hillyer,3.99,"2005-08-21 12:50:57"
Jon,Stephens,4.99,"2005-08-23 20:24:36"
Mike,Hillyer,2.99,"2005-08-01 22:53:40"
Jon,Stephens,4.99,"2005-08-21 08:08:43"
Mike,Hillyer,0.99,"2005-08-22 08:20:15"
Jon,Stephens,3.99,"2005-08-01 18:15:07"
Mike,Hillyer,2.99,"2005-08-02 02:24:38"
Jon,Stephens,0.99,"2005-08-02 05:05:53"
Jon,Stephens,2.99,"2005-08-02 11:48:36"
Mike,Hillyer,5.99,"2005-08-17 04:33:17"
Mike,Hillyer,2.99,"2005-08-17 08:22:00"
Jon,Stephens,5.99,"2005-08-18 02:50:51"
Jon,Stephens,1.99,"2005-08-21 12:48:08"
Mike,Hillyer,7.99,"2005-08-23 03:58:28"
Jon,Stephens,7.99,"2005-08-01 06:42:44"
Mike,Hillyer,1.99,"2005-08-01 09:15:00"
Jon,Stephens,4.99,"2005-08-02 14:07:35"
Jon,Stephens,0.99,"2005-08-18 08:26:48"
Jon,Stephens,8.99,"2005-08-19 02:50:36"
Mike,Hillyer,0.99,"2005-08-02 09:32:54"
Jon,Stephens,4.99,"2005-08-02 17:15:38"
Mike,Hillyer,0.99,"2005-08-18 19:02:16"
Mike,Hillyer,0.99,"2005-08-22 14:43:13"
Jon,Stephens,3.99,"2005-08-22 17:50:49"
Jon,Stephens,0.99,"2005-08-01 01:09:44"
Mike,Hillyer,6.99,"2005-08-01 02:39:49"
Mike,Hillyer,0.99,"2005-08-01 07:38:07"
Jon,Stephens,4.99,"2005-08-17 17:23:35"
Jon,Stephens,2.99,"2005-08-18 01:08:53"
Mike,Hillyer,4.99,"2005-08-18 11:57:00"
Jon,Stephens,1.99,"2005-08-19 21:20:11"
Mike,Hillyer,0.99,"2005-08-21 13:31:07"
Jon,Stephens,3.99,"2005-08-21 15:36:34"
Jon,Stephens,2.99,"2005-08-22 12:01:06"
Jon,Stephens,1.99,"2005-08-01 23:39:21"
Jon,Stephens,4.99,"2005-08-02 08:07:12"
Mike,Hillyer,4.99,"2005-08-02 11:00:32"
Jon,Stephens,4.99,"2005-08-18 12:56:37"
Mike,Hillyer,9.99,"2005-08-19 22:57:25"
Mike,Hillyer,1.99,"2005-08-22 10:06:28"
Jon,Stephens,3.99,"2005-08-23 21:59:26"
Jon,Stephens,7.99,"2005-08-19 05:40:36"
Mike,Hillyer,0.99,"2005-08-20 08:33:21"
Jon,Stephens,2.99,"2005-08-20 22:39:16"
Jon,Stephens,4.99,"2005-08-21 06:58:49"
Jon,Stephens,8.99,"2005-08-22 23:13:10"
Mike,Hillyer,5.99,"2005-08-23 01:13:52"
Mike,Hillyer,3.99,"2005-08-23 01:22:12"
Mike,Hillyer,5.99,"2005-08-23 06:25:07"
Jon,Stephens,0.99,"2005-08-23 09:27:29"
Jon,Stephens,8.99,"2005-08-23 22:43:07"
Mike,Hillyer,2.99,"2005-08-17 07:12:31"
Mike,Hillyer,3.99,"2005-08-18 11:17:07"
Mike,Hillyer,0.99,"2005-08-19 07:45:42"
Mike,Hillyer,1.99,"2005-08-19 08:02:24"
Mike,Hillyer,4.99,"2005-08-19 13:59:53"
Mike,Hillyer,3.99,"2005-08-19 22:41:44"
Mike,Hillyer,3.99,"2005-08-21 04:43:59"
Jon,Stephens,0.99,"2005-08-22 15:52:57"
Mike,Hillyer,4.99,"2005-08-01 11:37:34"
Mike,Hillyer,0.99,"2005-08-18 02:44:44"
Jon,Stephens,2.99,"2005-08-19 04:03:34"
Mike,Hillyer,6.99,"2005-08-19 09:40:05"
Mike,Hillyer,2.99,"2005-08-20 11:17:03"
Jon,Stephens,0.99,"2005-08-20 22:03:18"
Jon,Stephens,4.99,"2005-08-23 07:24:27"
Jon,Stephens,4.99,"2005-08-23 09:48:45"
Jon,Stephens,2.99,"2005-08-23 14:27:07"
Jon,Stephens,8.99,"2005-08-01 01:03:18"
Mike,Hillyer,2.99,"2005-08-01 01:43:18"
Mike,Hillyer,8.99,"2005-08-01 09:01:40"
Jon,Stephens,0.99,"2005-08-02 20:16:06"
Mike,Hillyer,7.99,"2005-08-18 00:36:09"
Mike,Hillyer,2.99,"2005-08-19 02:02:37"
Jon,Stephens,2.99,"2005-08-21 11:31:15"
Mike,Hillyer,0.99,"2005-08-22 05:08:58"
Mike,Hillyer,6.99,"2005-08-22 14:27:37"
Mike,Hillyer,4.99,"2005-08-01 01:40:04"
Jon,Stephens,4.99,"2005-08-19 21:07:22"
Mike,Hillyer,6.99,"2005-08-20 02:18:30"
Mike,Hillyer,4.99,"2005-08-21 16:22:59"
Mike,Hillyer,3.99,"2005-08-23 05:01:13"
Mike,Hillyer,5.99,"2005-08-02 16:07:49"
Jon,Stephens,6.99,"2005-08-02 20:33:35"
Jon,Stephens,2.99,"2005-08-17 09:41:23"
Mike,Hillyer,2.99,"2005-08-18 15:51:36"
Jon,Stephens,6.99,"2005-08-18 17:36:19"
Jon,Stephens,2.99,"2005-08-20 11:18:08"
Jon,Stephens,3.99,"2005-08-21 18:51:43"
Jon,Stephens,8.99,"2005-08-23 04:52:16"
Mike,Hillyer,2.99,"2005-08-23 20:45:53"
Jon,Stephens,0.99,"2005-08-01 02:09:33"
Jon,Stephens,3.99,"2005-08-02 01:12:06"
Jon,Stephens,6.99,"2005-08-17 23:52:26"
Mike,Hillyer,3.99,"2005-08-19 17:27:10"
Jon,Stephens,7.99,"2005-08-22 23:10:49"
Jon,Stephens,2.99,"2005-08-23 09:23:36"
Mike,Hillyer,7.99,"2005-08-17 04:54:14"
Jon,Stephens,3.99,"2005-08-18 15:52:12"
Mike,Hillyer,2.99,"2005-08-20 10:05:30"
Jon,Stephens,2.99,"2005-08-22 22:28:36"
Jon,Stephens,4.99,"2005-08-01 14:30:23"
Mike,Hillyer,4.99,"2005-08-02 03:28:21"
Jon,Stephens,4.99,"2005-08-02 04:41:06"
Jon,Stephens,2.99,"2005-08-02 13:27:11"
Jon,Stephens,3.99,"2005-08-18 02:08:48"
Jon,Stephens,2.99,"2005-08-19 16:48:37"
Jon,Stephens,5.99,"2005-08-20 02:50:44"
Mike,Hillyer,0.99,"2005-08-22 06:12:16"
Jon,Stephens,6.99,"2005-08-22 15:26:36"
Jon,Stephens,5.99,"2005-08-01 14:18:57"
Mike,Hillyer,2.99,"2005-08-02 05:29:31"
Mike,Hillyer,7.99,"2005-08-17 03:08:10"
Jon,Stephens,4.99,"2005-08-17 05:20:45"
Jon,Stephens,3.99,"2005-08-17 13:56:01"
Jon,Stephens,8.99,"2005-08-20 06:20:42"
Jon,Stephens,2.99,"2005-08-20 15:18:10"
Jon,Stephens,5.99,"2005-08-20 22:08:55"
Mike,Hillyer,0.99,"2005-08-21 09:14:28"
Jon,Stephens,4.99,"2005-08-22 19:45:57"
Mike,Hillyer,0.99,"2005-08-23 09:08:16"
Mike,Hillyer,8.99,"2005-08-23 09:46:33"
Mike,Hillyer,2.99,"2005-08-23 12:47:05"
Jon,Stephens,4.99,"2005-08-01 00:00:44"
Mike,Hillyer,0.99,"2005-08-01 06:30:04"
Jon,Stephens,1.99,"2005-08-01 13:48:02"
Jon,Stephens,7.99,"2005-08-17 05:11:07"
Mike,Hillyer,5.99,"2005-08-17 14:11:45"
Mike,Hillyer,5.99,"2005-08-18 08:57:58"
Jon,Stephens,3.99,"2005-08-19 01:04:35"
Jon,Stephens,2.99,"2005-08-19 22:22:01"
Mike,Hillyer,1.99,"2005-08-23 06:31:24"
Mike,Hillyer,2.99,"2005-08-23 13:18:16"
Mike,Hillyer,4.99,"2005-08-17 00:59:24"
Jon,Stephens,0.99,"2005-08-18 06:41:59"
Mike,Hillyer,6.99,"2005-08-18 19:51:29"
Jon,Stephens,6.99,"2005-08-20 00:45:40"
Jon,Stephens,5.99,"2005-08-21 02:43:20"
Mike,Hillyer,4.99,"2005-08-22 03:14:46"
Mike,Hillyer,0.99,"2005-08-23 02:04:57"
Mike,Hillyer,2.99,"2005-08-23 03:45:40"
Jon,Stephens,3.99,"2005-08-23 08:19:55"
Mike,Hillyer,0.99,"2005-08-23 22:42:48"
Jon,Stephens,4.99,"2005-08-01 10:03:17"
Jon,Stephens,2.99,"2005-08-01 16:08:46"
Jon,Stephens,0.99,"2005-08-02 02:11:03"
Mike,Hillyer,2.99,"2005-08-17 15:11:55"
Jon,Stephens,0.99,"2005-08-18 07:55:14"
Jon,Stephens,0.99,"2005-08-20 19:02:34"
Mike,Hillyer,6.99,"2005-08-22 15:30:25"
Jon,Stephens,0.99,"2005-08-23 00:57:12"
Jon,Stephens,1.99,"2005-08-01 02:38:42"
Mike,Hillyer,1.99,"2005-08-01 22:09:35"
Jon,Stephens,4.99,"2005-08-02 05:19:13"
Jon,Stephens,2.99,"2005-08-18 08:20:29"
Jon,Stephens,7.99,"2005-08-19 12:54:42"
Mike,Hillyer,0.99,"2005-08-19 21:19:47"
Mike,Hillyer,0.99,"2005-08-20 01:04:32"
Mike,Hillyer,6.99,"2005-08-20 11:56:30"
Jon,Stephens,11.99,"2005-08-21 23:34:00"
Mike,Hillyer,2.99,"2005-08-22 04:44:09"
Jon,Stephens,2.99,"2005-08-01 12:58:42"
Mike,Hillyer,4.99,"2005-08-01 13:00:20"
Jon,Stephens,3.99,"2005-08-02 21:47:07"
Mike,Hillyer,2.99,"2005-08-18 00:06:26"
Mike,Hillyer,2.99,"2005-08-18 07:02:24"
Mike,Hillyer,6.99,"2005-08-18 15:37:42"
Mike,Hillyer,4.99,"2005-08-18 17:24:02"
Mike,Hillyer,0.99,"2005-08-22 00:23:13"
Jon,Stephens,2.99,"2005-08-22 02:26:47"
Mike,Hillyer,2.99,"2005-08-23 00:26:52"
Jon,Stephens,2.99,"2005-08-18 14:09:09"
Jon,Stephens,6.99,"2005-08-19 14:33:45"
Jon,Stephens,5.99,"2005-08-21 10:23:10"
Jon,Stephens,7.99,"2005-08-21 17:35:17"
Mike,Hillyer,2.99,"2005-08-22 05:15:17"
Mike,Hillyer,0.99,"2005-08-23 11:33:25"
Mike,Hillyer,3.99,"2005-08-01 06:09:37"
Jon,Stephens,2.99,"2005-08-01 12:49:44"
Mike,Hillyer,4.99,"2005-08-01 17:30:35"
Jon,Stephens,2.99,"2005-08-02 18:16:47"
Mike,Hillyer,5.99,"2005-08-17 00:04:28"
Jon,Stephens,2.99,"2005-08-18 15:38:31"
Jon,Stephens,3.99,"2005-08-18 16:56:20"
Jon,Stephens,6.99,"2005-08-19 01:57:21"
Mike,Hillyer,4.99,"2005-08-20 05:26:15"
Jon,Stephens,3.99,"2005-08-21 08:54:53"
Jon,Stephens,2.99,"2005-08-21 10:01:03"
Jon,Stephens,6.99,"2005-08-21 19:11:58"
Jon,Stephens,0.99,"2005-08-21 19:42:36"
Mike,Hillyer,4.99,"2005-08-22 12:21:43"
Jon,Stephens,3.99,"2005-08-22 13:06:26"
Jon,Stephens,6.99,"2005-08-22 15:23:59"
Mike,Hillyer,2.99,"2005-08-23 15:38:12"
Jon,Stephens,3.99,"2005-08-23 21:52:56"
Jon,Stephens,4.99,"2005-08-01 18:18:13"
Mike,Hillyer,3.99,"2005-08-02 03:08:29"
Jon,Stephens,0.99,"2005-08-02 09:15:45"
Jon,Stephens,2.99,"2005-08-19 13:36:41"
Jon,Stephens,7.99,"2005-08-19 21:31:31"
Mike,Hillyer,2.99,"2005-08-20 20:07:15"
Mike,Hillyer,4.99,"2005-08-21 02:24:33"
Mike,Hillyer,4.99,"2005-08-21 05:34:09"
Jon,Stephens,9.99,"2005-08-21 12:48:48"
Jon,Stephens,6.99,"2005-08-22 06:49:15"
Jon,Stephens,5.99,"2005-08-01 09:17:34"
Jon,Stephens,8.99,"2005-08-17 07:46:54"
Jon,Stephens,1.99,"2005-08-18 03:37:31"
Jon,Stephens,3.99,"2005-08-18 10:24:21"
Jon,Stephens,1.99,"2005-08-18 22:04:52"
Mike,Hillyer,5.99,"2005-08-19 03:28:13"
Jon,Stephens,0.99,"2005-08-19 03:46:34"
Mike,Hillyer,7.99,"2005-08-21 01:59:37"
Mike,Hillyer,4.99,"2005-08-21 03:11:33"
Jon,Stephens,9.99,"2005-08-21 11:02:09"
Mike,Hillyer,2.99,"2005-08-21 12:52:54"
Jon,Stephens,7.99,"2005-08-22 12:24:55"
Mike,Hillyer,0.99,"2005-08-22 21:58:06"
Mike,Hillyer,2.99,"2005-08-23 22:20:26"
Mike,Hillyer,1.99,"2005-08-01 15:32:41"
Jon,Stephens,3.99,"2005-08-02 06:05:27"
Jon,Stephens,2.99,"2005-08-02 11:45:07"
Jon,Stephens,4.99,"2005-08-18 12:22:40"
Jon,Stephens,4.99,"2005-08-18 21:03:32"
Mike,Hillyer,2.99,"2005-08-19 13:48:54"
Mike,Hillyer,4.99,"2005-08-20 13:01:43"
Jon,Stephens,5.99,"2005-08-21 19:51:09"
Jon,Stephens,8.99,"2005-08-01 03:53:49"
Mike,Hillyer,2.99,"2005-08-18 07:46:35"
Mike,Hillyer,3.99,"2005-08-18 09:27:34"
Mike,Hillyer,2.99,"2005-08-20 08:26:06"
Jon,Stephens,7.99,"2005-08-22 14:25:21"
Jon,Stephens,4.99,"2005-08-23 03:43:32"
Mike,Hillyer,1.99,"2005-08-23 07:13:43"
Jon,Stephens,2.99,"2005-08-23 13:51:57"
Jon,Stephens,5.99,"2005-08-02 22:47:00"
Mike,Hillyer,4.99,"2005-08-19 01:47:45"
Jon,Stephens,0.99,"2005-08-21 22:27:11"
Jon,Stephens,4.99,"2005-08-22 18:37:24"
Jon,Stephens,0.99,"2005-08-23 21:45:02"
Mike,Hillyer,2.99,"2005-08-01 13:54:35"
Mike,Hillyer,2.99,"2005-08-01 18:24:51"
Jon,Stephens,7.99,"2005-08-02 14:30:03"
Mike,Hillyer,4.99,"2005-08-17 11:49:28"
Mike,Hillyer,4.99,"2005-08-17 12:55:31"
Mike,Hillyer,0.99,"2005-08-17 18:47:07"
Mike,Hillyer,4.99,"2005-08-17 21:54:55"
Jon,Stephens,2.99,"2005-08-18 04:16:15"
Jon,Stephens,6.99,"2005-08-19 23:48:23"
Jon,Stephens,2.99,"2005-08-21 12:38:09"
Mike,Hillyer,2.99,"2005-08-22 10:14:39"
Mike,Hillyer,9.99,"2005-08-02 11:42:40"
Jon,Stephens,4.99,"2005-08-17 03:50:33"
Mike,Hillyer,3.99,"2005-08-17 10:31:58"
Mike,Hillyer,0.99,"2005-08-17 11:30:11"
Jon,Stephens,2.99,"2005-08-19 07:21:24"
Jon,Stephens,7.99,"2005-08-19 07:56:51"
Jon,Stephens,0.99,"2005-08-19 13:56:58"
Jon,Stephens,2.99,"2005-08-21 13:32:38"
Jon,Stephens,2.99,"2005-08-21 16:52:29"
Jon,Stephens,4.99,"2005-08-23 12:10:54"
Mike,Hillyer,7.99,"2005-08-23 21:02:43"
Mike,Hillyer,2.99,"2005-08-01 00:35:25"
Mike,Hillyer,10.99,"2005-08-01 21:35:01"
Mike,Hillyer,7.99,"2005-08-02 04:09:42"
Mike,Hillyer,0.99,"2005-08-02 13:13:21"
Jon,Stephens,4.99,"2005-08-17 21:11:57"
Jon,Stephens,2.99,"2005-08-19 01:05:08"
Jon,Stephens,4.99,"2005-08-19 09:07:13"
Mike,Hillyer,2.99,"2005-08-19 10:40:10"
Jon,Stephens,2.99,"2005-08-20 21:23:54"
Mike,Hillyer,2.99,"2005-08-21 03:32:17"
Mike,Hillyer,5.99,"2005-08-23 01:15:07"
Jon,Stephens,5.99,"2005-08-23 11:40:30"
Mike,Hillyer,2.99,"2005-08-01 06:58:17"
Jon,Stephens,2.99,"2005-08-18 21:55:38"
Jon,Stephens,2.99,"2005-08-19 01:58:54"
Jon,Stephens,0.99,"2005-08-19 04:23:13"
Jon,Stephens,0.99,"2005-08-19 08:25:16"
Jon,Stephens,5.99,"2005-08-19 14:00:56"
Mike,Hillyer,0.99,"2005-08-20 02:14:16"
Jon,Stephens,2.99,"2005-08-20 18:24:26"
Jon,Stephens,0.99,"2005-08-21 02:43:15"
Mike,Hillyer,8.99,"2005-08-22 05:16:16"
Mike,Hillyer,3.99,"2005-08-22 17:02:23"
Mike,Hillyer,8.99,"2005-08-23 15:25:27"
Jon,Stephens,2.99,"2005-08-01 07:08:22"
Mike,Hillyer,0.99,"2005-08-01 09:48:29"
Mike,Hillyer,2.99,"2005-08-01 10:19:45"
Jon,Stephens,2.99,"2005-08-01 12:46:52"
Jon,Stephens,4.99,"2005-08-01 22:48:57"
Jon,Stephens,3.99,"2005-08-18 17:10:05"
Jon,Stephens,4.99,"2005-08-18 21:47:48"
Jon,Stephens,10.99,"2005-08-20 07:54:54"
Mike,Hillyer,4.99,"2005-08-20 16:42:53"
Mike,Hillyer,4.99,"2005-08-20 16:47:34"
Mike,Hillyer,0.99,"2005-08-20 18:16:34"
Mike,Hillyer,0.99,"2005-08-21 09:07:50"
Jon,Stephens,1.99,"2005-08-22 06:46:59"
Jon,Stephens,2.99,"2005-08-01 13:17:28"
Jon,Stephens,5.99,"2005-08-01 15:52:01"
Mike,Hillyer,2.99,"2005-08-17 11:59:18"
Mike,Hillyer,2.99,"2005-08-17 22:31:04"
Mike,Hillyer,6.99,"2005-08-18 23:39:22"
Jon,Stephens,0.99,"2005-08-21 00:59:01"
Jon,Stephens,5.99,"2005-08-23 05:29:32"
Mike,Hillyer,4.99,"2005-08-23 13:29:08"
Mike,Hillyer,4.99,"2005-08-01 09:20:09"
Mike,Hillyer,1.99,"2005-08-02 00:12:46"
Jon,Stephens,0.99,"2005-08-17 17:53:42"
Mike,Hillyer,2.99,"2005-08-17 17:55:58"
Mike,Hillyer,0.99,"2005-08-18 02:37:07"
Jon,Stephens,0.99,"2005-08-18 04:16:18"
Mike,Hillyer,9.99,"2005-08-18 08:04:35"
Jon,Stephens,6.99,"2005-08-19 09:31:23"
Jon,Stephens,7.99,"2005-08-19 20:28:21"
Jon,Stephens,2.99,"2005-08-19 20:53:43"
Mike,Hillyer,0.99,"2005-08-19 22:26:26"
Jon,Stephens,2.99,"2005-08-23 08:48:43"
Mike,Hillyer,2.99,"2005-08-23 22:20:40"
Jon,Stephens,4.99,"2005-08-01 02:18:46"
Mike,Hillyer,6.99,"2005-08-01 07:18:24"
Jon,Stephens,3.99,"2005-08-01 15:07:04"
Mike,Hillyer,6.99,"2005-08-01 15:44:20"
Jon,Stephens,0.99,"2005-08-02 09:27:45"
Jon,Stephens,0.99,"2005-08-17 12:00:54"
Jon,Stephens,0.99,"2005-08-17 23:47:16"
Mike,Hillyer,4.99,"2005-08-23 16:30:55"
Mike,Hillyer,0.99,"2005-08-01 16:56:17"
Mike,Hillyer,4.99,"2005-08-18 10:01:48"
Mike,Hillyer,4.99,"2005-08-19 01:47:30"
Jon,Stephens,2.99,"2005-08-19 19:48:07"
Mike,Hillyer,1.99,"2005-08-20 00:32:17"
Jon,Stephens,2.99,"2005-08-20 16:30:49"
Jon,Stephens,0.99,"2005-08-22 11:11:51"
Mike,Hillyer,6.99,"2005-08-23 21:07:59"
Mike,Hillyer,6.99,"2005-08-02 00:18:59"
Mike,Hillyer,3.99,"2005-08-02 14:34:33"
Mike,Hillyer,4.99,"2005-08-02 14:39:46"
Jon,Stephens,4.99,"2005-08-02 22:24:31"
Mike,Hillyer,7.99,"2005-08-18 22:37:41"
Jon,Stephens,2.99,"2005-08-19 07:11:44"
Jon,Stephens,2.99,"2005-08-19 07:47:16"
Jon,Stephens,2.99,"2005-08-21 06:20:14"
Jon,Stephens,2.99,"2005-08-23 19:42:46"
Jon,Stephens,0.99,"2005-08-01 09:52:37"
Mike,Hillyer,2.99,"2005-08-01 14:53:52"
Mike,Hillyer,3.99,"2005-08-01 18:24:41"
Jon,Stephens,5.99,"2005-08-02 11:35:53"
Mike,Hillyer,7.99,"2005-08-17 07:21:22"
Mike,Hillyer,2.99,"2005-08-18 03:53:34"
Mike,Hillyer,0.99,"2005-08-19 08:46:45"
Mike,Hillyer,0.99,"2005-08-20 20:19:05"
Jon,Stephens,5.99,"2005-08-21 01:57:26"
Jon,Stephens,2.99,"2005-08-23 17:42:00"
Jon,Stephens,10.99,"2005-08-17 18:27:22"
Mike,Hillyer,5.99,"2005-08-18 04:58:06"
Jon,Stephens,0.99,"2005-08-18 14:10:09"
Jon,Stephens,4.99,"2005-08-20 19:30:35"
Jon,Stephens,0.99,"2005-08-21 09:53:03"
Mike,Hillyer,2.99,"2005-08-21 11:48:32"
Mike,Hillyer,4.99,"2005-08-23 00:34:28"
Jon,Stephens,4.99,"2005-08-01 14:16:28"
Jon,Stephens,5.99,"2005-08-01 23:41:24"
Jon,Stephens,4.99,"2005-08-02 06:38:19"
Mike,Hillyer,3.99,"2005-08-02 14:35:01"
Jon,Stephens,3.99,"2005-08-17 08:29:46"
Mike,Hillyer,2.99,"2005-08-17 22:00:22"
Mike,Hillyer,0.99,"2005-08-19 12:55:30"
Mike,Hillyer,5.99,"2005-08-20 01:03:31"
Mike,Hillyer,5.99,"2005-08-20 11:57:06"
Mike,Hillyer,7.99,"2005-08-21 23:17:26"
Jon,Stephens,7.99,"2005-08-22 11:17:06"
Mike,Hillyer,0.99,"2005-08-22 13:17:43"
Jon,Stephens,2.99,"2005-08-23 04:00:30"
Jon,Stephens,4.99,"2005-08-23 16:57:43"
Mike,Hillyer,9.99,"2005-08-23 21:56:04"
Jon,Stephens,4.99,"2005-08-01 00:27:53"
Mike,Hillyer,3.99,"2005-08-01 03:08:56"
Mike,Hillyer,5.99,"2005-08-01 08:41:54"
Mike,Hillyer,4.99,"2005-08-02 05:13:00"
Mike,Hillyer,0.99,"2005-08-02 07:48:31"
Mike,Hillyer,0.99,"2005-08-02 21:37:36"
Jon,Stephens,2.99,"2005-08-18 14:40:38"
Jon,Stephens,2.99,"2005-08-19 03:05:41"
Mike,Hillyer,1.99,"2005-08-21 03:40:11"
Jon,Stephens,4.99,"2005-08-21 11:36:15"
Jon,Stephens,4.99,"2005-08-21 13:52:54"
Mike,Hillyer,4.99,"2005-08-22 07:41:08"
Mike,Hillyer,2.99,"2005-08-23 00:03:01"
Mike,Hillyer,0.99,"2005-08-23 02:39:56"
Mike,Hillyer,2.99,"2005-08-02 01:34:26"
Mike,Hillyer,6.99,"2005-08-19 02:23:23"
Jon,Stephens,3.99,"2005-08-19 22:16:16"
Jon,Stephens,5.99,"2005-08-21 22:25:53"
Mike,Hillyer,2.99,"2005-08-22 00:27:59"
Mike,Hillyer,2.99,"2005-08-22 08:57:10"
Jon,Stephens,2.99,"2005-08-22 09:04:53"
Mike,Hillyer,2.99,"2005-08-22 10:34:39"
Mike,Hillyer,9.99,"2005-08-22 16:59:05"
Mike,Hillyer,3.99,"2005-08-23 01:38:48"
Mike,Hillyer,0.99,"2005-08-23 12:12:05"
Mike,Hillyer,6.99,"2005-08-01 05:11:11"
Jon,Stephens,3.99,"2005-08-02 20:04:36"
Mike,Hillyer,4.99,"2005-08-17 22:20:01"
Mike,Hillyer,4.99,"2005-08-18 19:34:02"
Jon,Stephens,10.99,"2005-08-19 09:31:48"
Mike,Hillyer,2.99,"2005-08-22 18:24:34"
Mike,Hillyer,2.99,"2005-08-23 15:47:02"
Mike,Hillyer,3.99,"2005-08-01 03:37:01"
Mike,Hillyer,1.99,"2005-08-01 06:34:29"
Mike,Hillyer,4.99,"2005-08-01 22:03:10"
Mike,Hillyer,2.99,"2005-08-02 19:29:47"
Mike,Hillyer,5.99,"2005-08-02 19:32:51"
Mike,Hillyer,5.99,"2005-08-17 20:14:26"
Mike,Hillyer,2.99,"2005-08-17 22:28:40"
Jon,Stephens,3.99,"2005-08-17 22:56:24"
Jon,Stephens,2.99,"2005-08-18 07:33:08"
Mike,Hillyer,0.99,"2005-08-19 07:36:42"
Jon,Stephens,2.99,"2005-08-19 13:43:35"
Jon,Stephens,4.99,"2005-08-20 01:01:16"
Jon,Stephens,7.99,"2005-08-20 22:24:44"
Mike,Hillyer,2.99,"2005-08-21 01:00:46"
Mike,Hillyer,4.99,"2005-08-22 08:42:45"
Mike,Hillyer,0.99,"2005-08-22 19:54:52"
Mike,Hillyer,2.99,"2005-08-23 19:45:25"
Jon,Stephens,5.99,"2005-08-02 02:52:18"
Jon,Stephens,5.99,"2005-08-02 13:33:24"
Mike,Hillyer,0.99,"2005-08-19 06:29:13"
Mike,Hillyer,0.99,"2005-08-19 09:14:31"
Jon,Stephens,0.99,"2005-08-20 10:53:49"
Mike,Hillyer,0.99,"2005-08-20 18:16:21"
Jon,Stephens,4.99,"2005-08-21 01:11:17"
Jon,Stephens,0.99,"2005-08-22 01:11:37"
Jon,Stephens,2.99,"2005-08-22 20:44:06"
Mike,Hillyer,1.99,"2005-08-23 01:46:35"
Mike,Hillyer,6.99,"2005-08-02 14:29:43"
Jon,Stephens,6.99,"2005-08-17 05:02:25"
Mike,Hillyer,2.99,"2005-08-18 09:40:38"
Jon,Stephens,4.99,"2005-08-20 14:06:33"
Mike,Hillyer,5.99,"2005-08-22 18:03:11"
Mike,Hillyer,4.99,"2005-08-23 21:54:02"
Mike,Hillyer,0.99,"2005-08-01 04:12:08"
Mike,Hillyer,4.99,"2005-08-01 14:13:19"
Mike,Hillyer,5.99,"2005-08-01 19:50:32"
Mike,Hillyer,4.99,"2005-08-02 03:26:35"
Mike,Hillyer,2.99,"2005-08-02 12:55:23"
Jon,Stephens,6.99,"2005-08-02 22:03:47"
Mike,Hillyer,7.99,"2005-08-17 00:35:27"
Mike,Hillyer,4.99,"2005-08-17 13:51:20"
Jon,Stephens,2.99,"2005-08-17 22:20:12"
Jon,Stephens,2.99,"2005-08-18 21:59:00"
Mike,Hillyer,3.99,"2005-08-19 02:22:16"
Jon,Stephens,6.99,"2005-08-19 07:03:14"
Jon,Stephens,2.99,"2005-08-20 15:18:55"
Jon,Stephens,2.99,"2005-08-21 02:45:58"
Mike,Hillyer,1.99,"2005-08-22 08:47:44"
Mike,Hillyer,7.99,"2005-08-23 12:43:30"
Jon,Stephens,4.99,"2005-08-01 22:03:31"
Jon,Stephens,5.99,"2005-08-17 15:39:26"
Jon,Stephens,2.99,"2005-08-17 17:18:36"
Mike,Hillyer,2.99,"2005-08-18 18:06:53"
Jon,Stephens,2.99,"2005-08-19 00:05:49"
Jon,Stephens,7.99,"2005-08-19 07:54:59"
Mike,Hillyer,3.99,"2005-08-19 13:30:55"
Jon,Stephens,0.99,"2005-08-19 17:49:13"
Jon,Stephens,5.99,"2005-08-20 21:48:38"
Jon,Stephens,6.99,"2005-08-21 10:15:20"
Jon,Stephens,7.99,"2005-08-02 10:28:00"
Mike,Hillyer,2.99,"2005-08-02 12:32:12"
Jon,Stephens,0.99,"2005-08-02 18:06:01"
Jon,Stephens,5.99,"2005-08-02 18:41:11"
Mike,Hillyer,4.99,"2005-08-17 01:38:18"
Mike,Hillyer,4.99,"2005-08-17 13:48:30"
Mike,Hillyer,7.99,"2005-08-17 23:31:25"
Mike,Hillyer,2.99,"2005-08-18 08:39:33"
Mike,Hillyer,4.99,"2005-08-19 03:41:09"
Mike,Hillyer,4.99,"2005-08-20 06:07:01"
Jon,Stephens,4.99,"2005-08-20 13:50:17"
Jon,Stephens,2.99,"2005-08-21 02:10:32"
Mike,Hillyer,6.99,"2005-08-23 15:36:05"
Mike,Hillyer,7.99,"2005-08-01 18:41:28"
Jon,Stephens,8.99,"2005-08-01 20:08:49"
Mike,Hillyer,4.99,"2005-08-18 04:55:49"
Mike,Hillyer,4.99,"2005-08-18 22:57:45"
Jon,Stephens,4.99,"2005-08-20 03:41:57"
Jon,Stephens,3.99,"2005-08-20 08:27:01"
Jon,Stephens,4.99,"2005-08-20 21:02:12"
Mike,Hillyer,0.99,"2005-08-21 02:35:16"
Jon,Stephens,0.99,"2005-08-21 19:05:23"
Jon,Stephens,4.99,"2005-08-22 06:31:36"
Mike,Hillyer,2.99,"2005-08-22 10:09:19"
Jon,Stephens,4.99,"2005-08-22 20:37:57"
Jon,Stephens,4.99,"2005-08-23 03:01:56"
Mike,Hillyer,8.99,"2005-08-23 11:32:35"
Jon,Stephens,6.99,"2005-08-23 20:53:20"
Jon,Stephens,6.99,"2005-08-01 23:18:06"
Mike,Hillyer,10.99,"2005-08-02 17:42:49"
Mike,Hillyer,2.99,"2005-08-17 20:07:01"
Jon,Stephens,0.99,"2005-08-17 20:28:26"
Jon,Stephens,3.99,"2005-08-18 13:28:27"
Mike,Hillyer,6.99,"2005-08-19 05:48:12"
Mike,Hillyer,6.99,"2005-08-19 07:06:51"
Mike,Hillyer,0.99,"2005-08-20 22:18:00"
Mike,Hillyer,4.99,"2005-08-21 02:31:35"
Jon,Stephens,6.99,"2005-08-21 03:24:50"
Jon,Stephens,2.99,"2005-08-21 18:39:52"
Jon,Stephens,0.99,"2005-08-21 21:27:24"
Jon,Stephens,5.99,"2005-08-22 03:42:12"
Jon,Stephens,2.99,"2005-08-22 06:45:53"
Jon,Stephens,4.99,"2005-08-22 17:44:30"
Jon,Stephens,8.99,"2005-08-22 22:26:13"
Mike,Hillyer,3.99,"2005-08-23 04:13:53"
Jon,Stephens,3.99,"2005-08-23 05:57:04"
Jon,Stephens,7.99,"2005-08-01 19:31:24"
Jon,Stephens,0.99,"2005-08-02 04:02:16"
Mike,Hillyer,2.99,"2005-08-17 01:23:09"
Mike,Hillyer,4.99,"2005-08-17 18:49:44"
Mike,Hillyer,3.99,"2005-08-21 23:50:15"
Jon,Stephens,4.99,"2005-08-23 01:50:53"
Jon,Stephens,2.99,"2005-08-23 05:04:33"
Mike,Hillyer,2.99,"2005-08-01 17:51:21"
Jon,Stephens,2.99,"2005-08-02 08:54:17"
Jon,Stephens,6.99,"2005-08-17 10:59:24"
Jon,Stephens,6.99,"2005-08-18 04:15:43"
Jon,Stephens,2.99,"2005-08-18 06:59:15"
Jon,Stephens,2.99,"2005-08-18 17:37:11"
Mike,Hillyer,1.99,"2005-08-19 03:38:54"
Jon,Stephens,0.99,"2005-08-19 03:42:08"
Mike,Hillyer,6.99,"2005-08-19 11:31:41"
Jon,Stephens,8.99,"2005-08-19 16:54:12"
Mike,Hillyer,2.99,"2005-08-19 21:23:19"
Jon,Stephens,5.99,"2005-08-20 06:00:03"
Jon,Stephens,0.99,"2005-08-21 02:59:17"
Jon,Stephens,2.99,"2005-08-21 12:35:49"
Jon,Stephens,9.99,"2005-08-21 15:00:49"
Mike,Hillyer,0.99,"2005-08-21 19:47:55"
Mike,Hillyer,4.99,"2005-08-01 04:27:59"
Mike,Hillyer,2.99,"2005-08-01 16:50:57"
Jon,Stephens,2.99,"2005-08-17 07:34:55"
Jon,Stephens,0.99,"2005-08-19 16:12:07"
Mike,Hillyer,5.99,"2005-08-20 05:02:46"
Mike,Hillyer,4.99,"2005-08-22 02:31:51"
Jon,Stephens,3.99,"2005-08-22 05:13:05"
Mike,Hillyer,4.99,"2005-08-22 17:22:41"
Mike,Hillyer,2.99,"2005-08-23 18:20:56"
Jon,Stephens,2.99,"2005-08-23 20:31:38"
Mike,Hillyer,6.99,"2005-08-01 04:39:26"
Jon,Stephens,6.99,"2005-08-17 04:39:09"
Jon,Stephens,0.99,"2005-08-17 10:39:24"
Mike,Hillyer,2.99,"2005-08-18 20:14:56"
Mike,Hillyer,4.99,"2005-08-19 04:27:11"
Jon,Stephens,1.99,"2005-08-19 06:21:52"
Mike,Hillyer,4.99,"2005-08-19 15:02:48"
Jon,Stephens,0.99,"2005-08-20 01:16:52"
Mike,Hillyer,0.99,"2005-08-20 19:13:23"
Mike,Hillyer,0.99,"2005-08-21 03:01:01"
Jon,Stephens,4.99,"2005-08-21 19:51:30"
Jon,Stephens,4.99,"2005-08-02 18:03:05"
Mike,Hillyer,1.99,"2005-08-17 22:49:09"
Mike,Hillyer,3.99,"2005-08-18 10:44:57"
Mike,Hillyer,4.99,"2005-08-19 03:33:46"
Mike,Hillyer,4.99,"2005-08-21 19:48:47"
Mike,Hillyer,4.99,"2005-08-21 23:00:02"
Mike,Hillyer,4.99,"2005-08-22 06:01:26"
Jon,Stephens,0.99,"2005-08-22 18:37:48"
Jon,Stephens,7.99,"2005-08-23 00:46:52"
Mike,Hillyer,1.99,"2005-08-23 06:15:09"
Mike,Hillyer,6.99,"2005-08-01 03:25:27"
Mike,Hillyer,4.99,"2005-08-01 23:58:45"
Mike,Hillyer,5.99,"2005-08-02 15:15:27"
Mike,Hillyer,0.99,"2005-08-18 07:09:27"
Jon,Stephens,4.99,"2005-08-20 14:56:53"
Jon,Stephens,2.99,"2005-08-21 22:21:49"
Jon,Stephens,7.99,"2005-08-22 00:37:57"
Mike,Hillyer,6.99,"2005-08-22 05:06:38"
Mike,Hillyer,0.99,"2005-08-22 21:15:46"
Mike,Hillyer,2.99,"2005-08-23 11:16:16"
Mike,Hillyer,4.99,"2005-08-02 05:54:17"
Jon,Stephens,5.99,"2005-08-17 17:14:02"
Mike,Hillyer,8.99,"2005-08-21 08:10:56"
Jon,Stephens,2.99,"2005-08-21 15:54:21"
Mike,Hillyer,2.99,"2005-08-21 23:11:43"
Jon,Stephens,0.99,"2005-08-22 04:48:44"
Mike,Hillyer,0.99,"2005-08-22 12:01:48"
Jon,Stephens,6.99,"2005-08-01 04:24:18"
Jon,Stephens,2.99,"2005-08-02 22:36:00"
Mike,Hillyer,5.99,"2005-08-17 02:21:03"
Jon,Stephens,0.99,"2005-08-20 03:12:43"
Jon,Stephens,2.99,"2005-08-20 03:26:10"
Jon,Stephens,2.99,"2005-08-20 12:44:53"
Mike,Hillyer,1.99,"2005-08-22 00:39:31"
Jon,Stephens,4.99,"2005-08-22 01:40:49"
Mike,Hillyer,0.99,"2005-08-22 04:53:35"
Mike,Hillyer,6.99,"2005-08-22 23:26:32"
Mike,Hillyer,4.99,"2005-08-01 00:45:27"
Jon,Stephens,4.99,"2005-08-02 13:35:40"
Jon,Stephens,4.99,"2005-08-02 16:57:37"
Mike,Hillyer,5.99,"2005-08-18 02:33:55"
Mike,Hillyer,6.99,"2005-08-18 11:33:34"
Mike,Hillyer,0.99,"2005-08-19 04:27:05"
Mike,Hillyer,4.99,"2005-08-19 10:50:43"
Mike,Hillyer,4.99,"2005-08-19 15:31:06"
Mike,Hillyer,6.99,"2005-08-20 01:11:12"
Mike,Hillyer,2.99,"2005-08-20 10:11:07"
Jon,Stephens,4.99,"2005-08-22 07:04:25"
Jon,Stephens,4.99,"2005-08-02 07:26:43"
Mike,Hillyer,6.99,"2005-08-02 08:09:54"
Mike,Hillyer,0.99,"2005-08-02 14:20:27"
Mike,Hillyer,2.99,"2005-08-02 19:47:56"
Jon,Stephens,1.99,"2005-08-17 21:46:47"
Jon,Stephens,5.99,"2005-08-18 10:04:06"
Jon,Stephens,1.99,"2005-08-19 15:24:07"
Jon,Stephens,2.99,"2005-08-20 14:48:42"
Mike,Hillyer,2.99,"2005-08-20 17:09:27"
Jon,Stephens,0.99,"2005-08-20 21:23:03"
Mike,Hillyer,2.99,"2005-08-23 13:02:59"
Mike,Hillyer,5.99,"2005-08-23 14:12:22"
Mike,Hillyer,5.99,"2005-08-23 14:26:51"
Jon,Stephens,4.99,"2005-08-02 12:43:27"
Jon,Stephens,1.99,"2005-08-19 17:41:16"
Mike,Hillyer,0.99,"2005-08-20 17:17:07"
Jon,Stephens,8.99,"2005-08-21 16:51:34"
Mike,Hillyer,0.99,"2005-08-22 16:14:25"
Mike,Hillyer,2.99,"2005-08-01 04:16:16"
Jon,Stephens,0.99,"2005-08-01 21:37:10"
Jon,Stephens,4.99,"2005-08-02 03:37:13"
Jon,Stephens,5.99,"2005-08-02 04:16:37"
Jon,Stephens,2.99,"2005-08-02 09:54:50"
Mike,Hillyer,2.99,"2005-08-17 11:42:08"
Mike,Hillyer,7.99,"2005-08-17 15:04:05"
Jon,Stephens,2.99,"2005-08-18 06:52:36"
Mike,Hillyer,7.99,"2005-08-18 10:38:31"
Jon,Stephens,6.99,"2005-08-19 10:46:16"
Mike,Hillyer,4.99,"2005-08-22 03:15:01"
Mike,Hillyer,2.99,"2005-08-22 12:21:49"
Jon,Stephens,2.99,"2005-08-23 08:09:11"
Mike,Hillyer,4.99,"2005-08-23 19:42:04"
Mike,Hillyer,3.99,"2005-08-23 21:49:33"
Mike,Hillyer,5.99,"2005-08-01 02:12:25"
Mike,Hillyer,0.99,"2005-08-01 05:47:37"
Mike,Hillyer,2.99,"2005-08-01 15:44:09"
Mike,Hillyer,6.99,"2005-08-02 00:18:07"
Jon,Stephens,0.99,"2005-08-02 03:06:20"
Mike,Hillyer,2.99,"2005-08-17 13:06:00"
Jon,Stephens,0.99,"2005-08-21 02:23:03"
Mike,Hillyer,7.99,"2005-08-21 09:35:14"
Mike,Hillyer,0.99,"2005-08-22 07:54:58"
Jon,Stephens,5.99,"2005-08-22 09:53:23"
Jon,Stephens,2.99,"2005-08-22 14:12:05"
Mike,Hillyer,5.99,"2005-08-22 23:55:51"
Jon,Stephens,0.99,"2005-08-02 05:09:42"
Mike,Hillyer,4.99,"2005-08-19 18:30:10"
Jon,Stephens,1.99,"2005-08-21 07:19:48"
Mike,Hillyer,4.99,"2005-08-22 20:41:53"
Jon,Stephens,0.99,"2005-08-01 02:24:09"
Jon,Stephens,2.99,"2005-08-17 04:15:47"
Jon,Stephens,4.99,"2005-08-17 16:56:28"
Mike,Hillyer,2.99,"2005-08-18 00:23:56"
Jon,Stephens,2.99,"2005-08-19 06:48:11"
Jon,Stephens,7.99,"2005-08-20 03:43:13"
Jon,Stephens,4.99,"2005-08-21 06:30:30"
Jon,Stephens,5.99,"2005-08-21 11:26:06"
Mike,Hillyer,8.99,"2005-08-23 03:30:45"
Mike,Hillyer,0.99,"2005-08-23 15:39:38"
Jon,Stephens,2.99,"2005-08-02 10:38:47"
Jon,Stephens,5.99,"2005-08-20 00:30:51"
Mike,Hillyer,4.99,"2005-08-01 13:08:27"
Mike,Hillyer,2.99,"2005-08-02 22:28:23"
Jon,Stephens,4.99,"2005-08-18 18:21:06"
Jon,Stephens,1.99,"2005-08-22 08:21:21"
Mike,Hillyer,3.99,"2005-08-23 14:26:04"
Jon,Stephens,5.99,"2005-08-23 15:23:50"
Jon,Stephens,7.99,"2005-08-01 08:17:11"
Jon,Stephens,4.99,"2005-08-18 19:50:43"
Mike,Hillyer,4.99,"2005-08-19 06:38:18"
Jon,Stephens,4.99,"2005-08-20 05:28:11"
Jon,Stephens,7.99,"2005-08-20 16:06:53"
Jon,Stephens,5.99,"2005-08-21 06:07:24"
Jon,Stephens,2.99,"2005-08-21 06:40:48"
Mike,Hillyer,5.99,"2005-08-22 16:49:02"
Jon,Stephens,2.99,"2005-08-22 16:57:02"
Jon,Stephens,1.99,"2005-08-23 14:31:50"
Jon,Stephens,3.99,"2005-08-01 03:35:11"
Mike,Hillyer,4.99,"2005-08-18 18:19:16"
Jon,Stephens,4.99,"2005-08-18 21:15:40"
Mike,Hillyer,4.99,"2005-08-19 06:57:27"
Mike,Hillyer,6.99,"2005-08-20 13:43:22"
Mike,Hillyer,1.99,"2005-08-20 15:09:16"
Mike,Hillyer,3.99,"2005-08-22 08:11:24"
Mike,Hillyer,0.99,"2005-08-22 10:07:52"
Jon,Stephens,0.99,"2005-08-23 01:50:31"
Jon,Stephens,4.99,"2005-08-23 03:50:48"
Jon,Stephens,4.99,"2005-08-23 17:52:01"
Jon,Stephens,0.99,"2005-08-01 03:10:24"
Mike,Hillyer,0.99,"2005-08-17 01:03:49"
Mike,Hillyer,10.99,"2005-08-17 04:25:47"
Mike,Hillyer,1.99,"2005-08-17 04:28:56"
Mike,Hillyer,6.99,"2005-08-18 14:28:00"
Mike,Hillyer,2.99,"2005-08-18 23:50:24"
Mike,Hillyer,8.99,"2005-08-19 08:04:50"
Jon,Stephens,4.99,"2005-08-20 03:29:28"
Jon,Stephens,0.99,"2005-08-20 13:00:30"
Mike,Hillyer,2.99,"2005-08-21 00:11:16"
Mike,Hillyer,3.99,"2005-08-22 09:25:24"
Mike,Hillyer,2.99,"2005-08-22 14:59:30"
Jon,Stephens,2.99,"2005-08-23 09:38:17"
Jon,Stephens,5.99,"2005-08-17 06:39:59"
Mike,Hillyer,5.99,"2005-08-17 15:24:12"
Jon,Stephens,2.99,"2005-08-19 14:47:18"
Jon,Stephens,1.99,"2005-08-19 16:18:36"
Jon,Stephens,0.99,"2005-08-21 11:44:37"
Jon,Stephens,4.99,"2005-08-22 00:52:01"
Jon,Stephens,0.99,"2005-08-23 03:55:54"
Jon,Stephens,4.99,"2005-08-23 09:33:22"
Jon,Stephens,5.99,"2005-08-01 10:17:26"
Mike,Hillyer,0.99,"2005-08-02 06:00:53"
Jon,Stephens,3.99,"2005-08-18 20:44:34"
Mike,Hillyer,3.99,"2005-08-19 06:37:51"
Mike,Hillyer,0.99,"2005-08-19 10:19:06"
Jon,Stephens,6.99,"2005-08-20 14:57:01"
Jon,Stephens,8.99,"2005-08-20 21:08:49"
Jon,Stephens,2.99,"2005-08-21 20:01:51"
Mike,Hillyer,7.99,"2005-08-23 04:27:06"
Jon,Stephens,4.99,"2005-08-01 15:12:00"
Mike,Hillyer,4.99,"2005-08-18 16:44:24"
Mike,Hillyer,5.99,"2005-08-19 06:22:48"
Jon,Stephens,6.99,"2005-08-19 10:33:52"
Jon,Stephens,0.99,"2005-08-19 18:35:32"
Jon,Stephens,0.99,"2005-08-19 23:30:53"
Mike,Hillyer,1.99,"2005-08-21 06:22:18"
Jon,Stephens,9.99,"2005-08-21 18:06:32"
Jon,Stephens,0.99,"2005-08-23 14:43:15"
Mike,Hillyer,3.99,"2005-08-01 04:29:06"
Jon,Stephens,0.99,"2005-08-01 15:10:26"
Jon,Stephens,6.99,"2005-08-16 22:54:12"
Jon,Stephens,4.99,"2005-08-18 07:29:46"
Jon,Stephens,8.99,"2005-08-18 18:11:39"
Jon,Stephens,5.99,"2005-08-19 09:51:17"
Jon,Stephens,4.99,"2005-08-19 19:35:33"
Mike,Hillyer,0.99,"2005-08-19 20:21:36"
Jon,Stephens,4.99,"2005-08-20 17:22:51"
Mike,Hillyer,4.99,"2005-08-22 07:50:44"
Jon,Stephens,2.99,"2005-08-23 07:53:38"
Mike,Hillyer,3.99,"2005-08-23 17:28:03"
Jon,Stephens,3.99,"2005-08-23 22:14:31"
Mike,Hillyer,5.99,"2005-08-01 05:32:13"
Jon,Stephens,2.99,"2005-08-17 21:50:39"
Mike,Hillyer,6.99,"2005-08-18 04:54:20"
Jon,Stephens,4.99,"2005-08-18 13:13:13"
Mike,Hillyer,2.99,"2005-08-21 19:36:59"
Jon,Stephens,0.99,"2005-08-23 02:02:53"
Mike,Hillyer,8.99,"2005-08-23 13:25:44"
Mike,Hillyer,2.99,"2005-08-23 21:10:24"
Mike,Hillyer,2.99,"2005-08-01 06:01:52"
Jon,Stephens,4.99,"2005-08-01 07:11:49"
Mike,Hillyer,8.99,"2005-08-01 13:02:58"
Mike,Hillyer,0.99,"2005-08-17 00:15:31"
Jon,Stephens,5.99,"2005-08-19 03:38:32"
Mike,Hillyer,0.99,"2005-08-19 14:22:30"
Mike,Hillyer,1.99,"2005-08-23 17:01:00"
Mike,Hillyer,4.99,"2005-08-23 20:06:23"
Jon,Stephens,7.99,"2005-08-01 01:45:26"
Mike,Hillyer,0.99,"2005-08-02 00:31:44"
Jon,Stephens,4.99,"2005-08-17 04:01:36"
Mike,Hillyer,0.99,"2005-08-18 13:21:52"
Mike,Hillyer,4.99,"2005-08-19 07:57:14"
Jon,Stephens,6.99,"2005-08-20 14:00:29"
Jon,Stephens,6.99,"2005-08-20 19:51:28"
Jon,Stephens,4.99,"2005-08-21 14:32:45"
Jon,Stephens,2.99,"2005-08-22 04:22:31"
Mike,Hillyer,2.99,"2005-08-01 03:22:41"
Jon,Stephens,0.99,"2005-08-01 08:55:56"
Mike,Hillyer,2.99,"2005-08-02 00:17:34"
Mike,Hillyer,5.99,"2005-08-17 06:07:39"
Mike,Hillyer,2.99,"2005-08-18 05:32:32"
Mike,Hillyer,2.99,"2005-08-18 21:21:44"
Mike,Hillyer,7.99,"2005-08-19 13:45:48"
Jon,Stephens,5.99,"2005-08-19 14:23:19"
Mike,Hillyer,7.99,"2005-08-20 23:42:31"
Jon,Stephens,1.99,"2005-08-21 05:07:02"
Jon,Stephens,4.99,"2005-08-22 19:56:52"
Mike,Hillyer,4.99,"2005-08-23 18:36:44"
Jon,Stephens,4.99,"2005-08-01 04:40:02"
Mike,Hillyer,2.99,"2005-08-01 16:48:31"
Mike,Hillyer,0.99,"2005-08-01 18:44:36"
Mike,Hillyer,0.99,"2005-08-02 11:42:23"
Mike,Hillyer,5.99,"2005-08-02 18:16:00"
Jon,Stephens,6.99,"2005-08-17 05:27:37"
Mike,Hillyer,4.99,"2005-08-18 17:34:19"
Jon,Stephens,0.99,"2005-08-21 00:21:29"
Jon,Stephens,0.99,"2005-08-21 07:44:32"
Jon,Stephens,2.99,"2005-08-22 02:15:26"
Jon,Stephens,0.99,"2005-08-22 03:55:02"
Jon,Stephens,0.99,"2005-08-01 13:05:52"
Mike,Hillyer,5.99,"2005-08-01 22:18:32"
Jon,Stephens,6.99,"2005-08-02 16:10:09"
Jon,Stephens,6.99,"2005-08-17 14:43:23"
Jon,Stephens,3.99,"2005-08-17 16:25:03"
Jon,Stephens,6.99,"2005-08-17 20:53:27"
Jon,Stephens,2.99,"2005-08-18 21:45:15"
Mike,Hillyer,2.99,"2005-08-19 12:04:03"
Mike,Hillyer,4.99,"2005-08-21 00:37:44"
Mike,Hillyer,7.99,"2005-08-21 05:52:57"
Jon,Stephens,2.99,"2005-08-21 07:50:14"
Mike,Hillyer,4.99,"2005-08-22 20:22:40"
Mike,Hillyer,4.99,"2005-08-01 06:39:55"
Jon,Stephens,3.99,"2005-08-01 13:18:23"
Mike,Hillyer,0.99,"2005-08-02 17:11:35"
Jon,Stephens,0.99,"2005-08-19 16:22:14"
Mike,Hillyer,4.99,"2005-08-19 22:11:44"
Jon,Stephens,7.99,"2005-08-20 14:30:26"
Jon,Stephens,0.99,"2005-08-20 18:09:04"
Jon,Stephens,7.99,"2005-08-20 23:42:00"
Mike,Hillyer,0.99,"2005-08-21 17:28:55"
Mike,Hillyer,4.99,"2005-08-23 20:20:23"
Mike,Hillyer,5.99,"2005-08-01 13:46:02"
Mike,Hillyer,8.99,"2005-08-02 04:41:17"
Mike,Hillyer,8.99,"2005-08-18 06:07:31"
Mike,Hillyer,2.99,"2005-08-19 18:10:19"
Jon,Stephens,4.99,"2005-08-20 14:29:37"
Mike,Hillyer,2.99,"2005-08-20 19:33:21"
Mike,Hillyer,0.99,"2005-08-21 00:52:58"
Mike,Hillyer,2.99,"2005-08-22 02:20:44"
Mike,Hillyer,4.99,"2005-08-22 09:37:54"
Jon,Stephens,4.99,"2005-08-01 03:01:26"
Jon,Stephens,6.99,"2005-08-01 05:55:13"
Jon,Stephens,2.99,"2005-08-01 18:37:39"
Mike,Hillyer,4.99,"2005-08-01 20:01:24"
Mike,Hillyer,6.99,"2005-08-01 20:53:45"
Jon,Stephens,4.99,"2005-08-02 12:40:38"
Mike,Hillyer,7.99,"2005-08-18 07:52:49"
Mike,Hillyer,0.99,"2005-08-18 09:47:57"
Mike,Hillyer,2.99,"2005-08-18 19:41:27"
Jon,Stephens,2.99,"2005-08-19 05:38:25"
Jon,Stephens,4.99,"2005-08-19 11:39:58"
Jon,Stephens,4.99,"2005-08-19 22:20:49"
Jon,Stephens,2.99,"2005-08-19 22:48:09"
Jon,Stephens,3.99,"2005-08-21 10:46:35"
Jon,Stephens,2.99,"2005-08-22 16:11:32"
Jon,Stephens,4.99,"2005-08-23 02:01:20"
Mike,Hillyer,4.99,"2005-08-02 06:36:05"
Jon,Stephens,3.99,"2005-08-17 10:54:46"
Mike,Hillyer,4.99,"2005-08-18 15:32:57"
Mike,Hillyer,6.99,"2005-08-19 01:54:11"
Mike,Hillyer,2.99,"2005-08-19 18:18:44"
Mike,Hillyer,5.99,"2005-08-21 17:19:09"
Mike,Hillyer,6.99,"2005-08-22 06:23:54"
Mike,Hillyer,1.99,"2005-08-22 09:49:32"
Jon,Stephens,5.99,"2005-08-01 15:09:17"
Jon,Stephens,2.99,"2005-08-02 18:24:03"
Jon,Stephens,0.99,"2005-08-18 11:04:42"
Jon,Stephens,3.99,"2005-08-18 23:14:15"
Jon,Stephens,3.99,"2005-08-19 01:40:43"
Mike,Hillyer,2.99,"2005-08-20 01:14:30"
Mike,Hillyer,4.99,"2005-08-20 03:35:16"
Jon,Stephens,9.99,"2005-08-18 00:57:06"
Jon,Stephens,2.99,"2005-08-18 11:19:02"
Mike,Hillyer,2.99,"2005-08-18 13:57:58"
Mike,Hillyer,0.99,"2005-08-19 12:14:14"
Mike,Hillyer,5.99,"2005-08-19 17:20:15"
Mike,Hillyer,4.99,"2005-08-19 18:55:21"
Jon,Stephens,4.99,"2005-08-21 13:13:57"
Mike,Hillyer,5.99,"2005-08-22 00:46:54"
Jon,Stephens,0.99,"2005-08-23 06:56:18"
Jon,Stephens,0.99,"2005-08-02 17:37:43"
Mike,Hillyer,2.99,"2005-08-18 06:07:26"
Mike,Hillyer,5.99,"2005-08-18 19:24:56"
Mike,Hillyer,0.99,"2005-08-19 03:37:25"
Jon,Stephens,2.99,"2005-08-21 14:51:35"
Mike,Hillyer,0.99,"2005-08-02 04:30:19"
Mike,Hillyer,0.99,"2005-08-17 18:13:07"
Mike,Hillyer,5.99,"2005-08-18 07:21:47"
Mike,Hillyer,8.99,"2005-08-18 10:42:52"
Mike,Hillyer,6.99,"2005-08-19 13:37:28"
Jon,Stephens,4.99,"2005-08-20 02:33:17"
Mike,Hillyer,3.99,"2005-08-20 14:47:02"
Mike,Hillyer,2.99,"2005-08-20 20:21:36"
Jon,Stephens,4.99,"2005-08-21 04:57:15"
Jon,Stephens,4.99,"2005-08-21 19:14:48"
Jon,Stephens,3.99,"2005-08-22 07:46:05"
Jon,Stephens,0.99,"2005-08-22 08:00:49"
Jon,Stephens,3.99,"2005-08-22 19:36:21"
Mike,Hillyer,0.99,"2005-08-23 06:19:51"
Mike,Hillyer,2.99,"2005-08-17 13:14:50"
Jon,Stephens,8.99,"2005-08-18 05:48:23"
Jon,Stephens,9.99,"2005-08-18 12:48:45"
Mike,Hillyer,7.99,"2005-08-18 14:04:41"
Jon,Stephens,8.99,"2005-08-20 17:28:57"
Jon,Stephens,8.99,"2005-08-22 02:27:32"
Jon,Stephens,4.99,"2005-08-22 17:32:57"
Jon,Stephens,2.99,"2005-08-23 03:13:01"
Jon,Stephens,7.99,"2005-08-23 19:59:33"
Jon,Stephens,5.99,"2005-08-01 09:13:27"
Mike,Hillyer,0.99,"2005-08-01 10:45:21"
Jon,Stephens,4.99,"2005-08-01 19:00:28"
Jon,Stephens,4.99,"2005-08-01 20:22:44"
Jon,Stephens,2.99,"2005-08-02 18:16:52"
Mike,Hillyer,2.99,"2005-08-20 05:04:57"
Mike,Hillyer,5.99,"2005-08-20 12:15:23"
Mike,Hillyer,2.99,"2005-08-21 10:33:23"
Jon,Stephens,2.99,"2005-08-22 01:00:42"
Jon,Stephens,2.99,"2005-08-22 20:17:17"
Jon,Stephens,0.99,"2005-08-22 23:26:32"
Jon,Stephens,4.99,"2005-08-23 01:39:10"
Mike,Hillyer,9.99,"2005-08-01 02:34:06"
Jon,Stephens,6.99,"2005-08-02 06:41:38"
Jon,Stephens,6.99,"2005-08-20 06:01:15"
Mike,Hillyer,3.99,"2005-08-20 11:42:01"
Mike,Hillyer,1.99,"2005-08-23 13:24:57"
Mike,Hillyer,5.99,"2005-08-23 21:04:51"
Mike,Hillyer,5.99,"2005-08-02 07:30:19"
Jon,Stephens,6.99,"2005-08-02 09:58:28"
Jon,Stephens,4.99,"2005-08-02 14:28:46"
Jon,Stephens,6.99,"2005-08-02 15:56:51"
Jon,Stephens,0.99,"2005-08-17 09:07:00"
Jon,Stephens,9.99,"2005-08-17 17:13:16"
Mike,Hillyer,2.99,"2005-08-18 04:32:05"
Jon,Stephens,0.99,"2005-08-18 08:31:43"
Jon,Stephens,0.99,"2005-08-20 22:40:47"
Jon,Stephens,4.99,"2005-08-21 02:07:22"
Jon,Stephens,2.99,"2005-08-21 02:59:31"
Jon,Stephens,0.99,"2005-08-21 19:24:51"
Jon,Stephens,2.99,"2005-08-01 12:06:35"
Jon,Stephens,4.99,"2005-08-22 22:12:02"
Jon,Stephens,0.99,"2005-08-01 02:08:05"
Mike,Hillyer,7.99,"2005-08-01 23:43:03"
Mike,Hillyer,4.99,"2005-08-02 18:23:11"
Mike,Hillyer,4.99,"2005-08-17 12:13:26"
Mike,Hillyer,5.99,"2005-08-19 11:57:49"
Jon,Stephens,4.99,"2005-08-21 02:13:31"
Jon,Stephens,7.99,"2005-08-21 05:16:40"
Mike,Hillyer,4.99,"2005-08-21 10:43:04"
Jon,Stephens,6.99,"2005-08-21 20:43:21"
Jon,Stephens,2.99,"2005-08-23 15:59:01"
Jon,Stephens,2.99,"2005-08-01 09:38:28"
Jon,Stephens,0.99,"2005-08-18 08:36:58"
Jon,Stephens,4.99,"2005-08-18 19:05:42"
Mike,Hillyer,2.99,"2005-08-20 03:07:47"
Mike,Hillyer,0.99,"2005-08-20 06:10:44"
Mike,Hillyer,2.99,"2005-08-21 20:14:58"
Mike,Hillyer,4.99,"2005-08-22 05:31:53"
Jon,Stephens,4.99,"2005-08-22 14:47:53"
Jon,Stephens,6.99,"2005-08-22 21:01:48"
Jon,Stephens,5.99,"2005-08-23 02:26:10"
Jon,Stephens,5.99,"2005-08-02 21:55:09"
Jon,Stephens,3.99,"2005-08-19 02:12:12"
Mike,Hillyer,0.99,"2005-08-20 02:29:47"
Jon,Stephens,7.99,"2005-08-20 06:30:33"
Mike,Hillyer,4.99,"2005-08-21 11:59:04"
Jon,Stephens,4.99,"2005-08-23 18:43:22"
Jon,Stephens,4.99,"2005-08-02 01:58:36"
Mike,Hillyer,7.99,"2005-08-02 11:49:16"
Jon,Stephens,2.99,"2005-08-17 10:59:00"
Jon,Stephens,0.99,"2005-08-17 22:38:54"
Jon,Stephens,0.99,"2005-08-19 05:39:26"
Jon,Stephens,0.99,"2005-08-20 10:48:47"
Jon,Stephens,7.99,"2005-08-21 23:11:23"
Jon,Stephens,11.99,"2005-08-23 22:19:33"
Mike,Hillyer,4.99,"2005-08-01 00:28:38"
Mike,Hillyer,2.99,"2005-08-02 08:09:58"
Jon,Stephens,0.99,"2005-08-18 10:32:41"
Jon,Stephens,0.99,"2005-08-18 19:51:27"
Jon,Stephens,0.99,"2005-08-19 01:48:33"
Mike,Hillyer,8.99,"2005-08-20 12:36:42"
Jon,Stephens,5.99,"2005-08-21 10:54:49"
Mike,Hillyer,5.99,"2005-08-21 20:49:58"
Jon,Stephens,0.99,"2005-08-23 20:10:13"
Jon,Stephens,3.99,"2005-08-01 09:31:00"
Jon,Stephens,0.99,"2005-08-01 16:56:36"
Jon,Stephens,4.99,"2005-08-01 19:46:11"
Mike,Hillyer,2.99,"2005-08-01 19:55:09"
Mike,Hillyer,4.99,"2005-08-02 05:27:53"
Mike,Hillyer,4.99,"2005-08-02 12:20:42"
Mike,Hillyer,4.99,"2005-08-02 15:53:48"
Mike,Hillyer,2.99,"2005-08-02 22:09:05"
Mike,Hillyer,1.99,"2005-08-17 04:49:35"
Mike,Hillyer,0.99,"2005-08-19 00:27:01"
Jon,Stephens,3.99,"2005-08-20 16:37:35"
Mike,Hillyer,9.99,"2005-08-20 22:51:25"
Jon,Stephens,4.99,"2005-08-22 06:19:37"
Mike,Hillyer,2.99,"2005-08-22 11:09:31"
Jon,Stephens,0.99,"2005-08-22 17:41:53"
Mike,Hillyer,8.99,"2005-08-23 04:12:52"
Mike,Hillyer,0.99,"2005-08-01 17:27:58"
Mike,Hillyer,3.99,"2005-08-02 17:28:07"
Mike,Hillyer,6.99,"2005-08-17 02:47:02"
Mike,Hillyer,2.99,"2005-08-17 09:29:22"
Mike,Hillyer,4.99,"2005-08-17 13:03:36"
Jon,Stephens,2.99,"2005-08-17 17:12:26"
Mike,Hillyer,1.99,"2005-08-17 17:22:29"
Jon,Stephens,2.99,"2005-08-17 18:19:44"
Jon,Stephens,4.99,"2005-08-18 16:24:24"
Mike,Hillyer,5.99,"2005-08-19 02:31:59"
Mike,Hillyer,5.99,"2005-08-20 11:43:43"
Mike,Hillyer,5.99,"2005-08-21 04:30:49"
Jon,Stephens,2.99,"2005-08-21 09:53:52"
Jon,Stephens,4.99,"2005-08-22 07:48:01"
Mike,Hillyer,6.99,"2005-08-22 18:20:07"
Mike,Hillyer,4.99,"2005-08-23 00:27:18"
Mike,Hillyer,2.99,"2005-08-01 00:34:51"
Jon,Stephens,4.99,"2005-08-01 11:41:57"
Mike,Hillyer,8.99,"2005-08-01 23:53:45"
Mike,Hillyer,2.99,"2005-08-02 21:04:39"
Mike,Hillyer,0.99,"2005-08-18 08:45:57"
Jon,Stephens,4.99,"2005-08-21 08:04:40"
Jon,Stephens,0.99,"2005-08-22 23:37:11"
Jon,Stephens,3.99,"2005-08-23 12:41:07"
Mike,Hillyer,2.99,"2005-08-01 17:49:38"
Mike,Hillyer,8.99,"2005-08-02 17:42:40"
Mike,Hillyer,5.99,"2005-08-20 10:41:50"
Mike,Hillyer,10.99,"2005-08-20 21:31:52"
Jon,Stephens,6.99,"2005-08-21 15:01:32"
Jon,Stephens,4.99,"2005-08-23 09:53:54"
Jon,Stephens,5.99,"2005-08-23 12:11:37"
Mike,Hillyer,6.99,"2005-08-23 19:35:42"
Jon,Stephens,5.99,"2005-08-01 20:06:00"
Jon,Stephens,3.99,"2005-08-02 00:22:46"
Mike,Hillyer,0.99,"2005-08-02 01:09:55"
Jon,Stephens,0.99,"2005-08-17 11:51:15"
Jon,Stephens,4.99,"2005-08-19 10:10:26"
Jon,Stephens,9.99,"2005-08-20 06:23:53"
Jon,Stephens,3.99,"2005-08-20 08:27:03"
Jon,Stephens,2.99,"2005-08-20 08:27:27"
Jon,Stephens,2.99,"2005-08-21 19:39:28"
Mike,Hillyer,2.99,"2005-08-22 06:59:28"
Mike,Hillyer,2.99,"2005-08-23 16:54:09"
Jon,Stephens,5.99,"2005-08-23 20:06:04"
Mike,Hillyer,2.99,"2005-08-01 06:26:22"
Mike,Hillyer,4.99,"2005-08-02 12:15:54"
Jon,Stephens,4.99,"2005-08-17 16:22:05"
Jon,Stephens,8.99,"2005-08-19 00:27:19"
Mike,Hillyer,4.99,"2005-08-19 14:40:32"
Mike,Hillyer,3.99,"2005-08-20 03:03:31"
Mike,Hillyer,3.99,"2005-08-20 20:59:15"
Mike,Hillyer,0.99,"2005-08-22 11:41:35"
Jon,Stephens,4.99,"2005-08-23 13:22:56"
Jon,Stephens,3.99,"2005-08-01 18:26:31"
Jon,Stephens,2.99,"2005-08-01 22:23:37"
Mike,Hillyer,2.99,"2005-08-17 07:32:51"
Mike,Hillyer,0.99,"2005-08-18 13:42:14"
Jon,Stephens,4.99,"2005-08-20 14:25:18"
Jon,Stephens,5.99,"2005-08-21 14:26:28"
Jon,Stephens,2.99,"2005-08-23 14:23:03"
Jon,Stephens,2.99,"2005-08-23 20:27:34"
Jon,Stephens,5.99,"2005-08-01 07:13:39"
Mike,Hillyer,7.99,"2005-08-02 13:54:26"
Jon,Stephens,0.99,"2005-08-17 14:58:51"
Mike,Hillyer,6.99,"2005-08-18 22:11:37"
Mike,Hillyer,0.99,"2005-08-19 10:27:25"
Mike,Hillyer,4.99,"2005-08-19 22:48:48"
Jon,Stephens,2.99,"2005-08-20 16:05:11"
Jon,Stephens,4.99,"2005-08-21 02:56:52"
Mike,Hillyer,0.99,"2005-08-22 03:23:24"
Mike,Hillyer,4.99,"2005-08-22 21:41:41"
Jon,Stephens,11.99,"2005-08-22 23:48:56"
Mike,Hillyer,2.99,"2005-08-20 17:20:49"
Mike,Hillyer,0.99,"2005-08-21 08:36:03"
Jon,Stephens,4.99,"2005-08-21 10:16:27"
Mike,Hillyer,2.99,"2005-08-21 12:00:21"
Jon,Stephens,6.99,"2005-08-21 13:54:15"
Jon,Stephens,0.99,"2005-08-22 23:54:14"
Jon,Stephens,3.99,"2005-08-02 02:38:07"
Mike,Hillyer,2.99,"2005-08-02 05:35:03"
Jon,Stephens,2.99,"2005-08-17 04:31:49"
Mike,Hillyer,4.99,"2005-08-19 12:04:16"
Jon,Stephens,2.99,"2005-08-19 16:13:32"
Jon,Stephens,10.99,"2005-08-19 17:26:55"
Jon,Stephens,9.99,"2005-08-20 03:58:51"
Jon,Stephens,0.99,"2005-08-20 09:16:15"
Jon,Stephens,0.99,"2005-08-21 20:46:47"
Jon,Stephens,7.99,"2005-08-23 09:42:21"
Mike,Hillyer,4.99,"2005-08-23 10:36:00"
Jon,Stephens,3.99,"2005-08-01 01:56:20"
Jon,Stephens,0.99,"2005-08-01 04:08:11"
